0,0.99722224,0.99722224,0.99722224,0.99722224,0.99722224,0.99722224,0.99722224,0.99722224,0.99722224,0.99722224,-4.0027776,
1,0.9916667,0.9916667,0.9916667,0.9916667,0.9916667,0.9916667,0.9916667,0.9916667,0.9916667,0.9916667,-4.008333,
2,0.98333335,0.98333585,0.98333585,0.98333585,0.98333585,0.98333585,0.98333585,0.98333585,0.98333585,0.98333335,-4.0166664,
3,0.9722248,0.9722247,0.9722247,0.9722247,0.9722247,0.9722247,0.9722247,0.9722247,0.9722247,0.9722248,-4.0277777,
4,0.9583359,0.95833325,0.95833325,0.95833325,0.95833325,0.95833325,0.95833325,0.95833325,0.95833325,0.9583359,-4.0416665,
5,0.94166666,0.9416691,0.94166404,0.94166404,0.94166404,0.94166404,0.94166404,0.94166404,0.9416691,0.94166666,-4.0583334,
6,0.92222476,0.92222214,0.92222214,0.9222196,0.9222196,0.9222196,0.9222196,0.92222214,0.92222214,0.92222476,-4.077778,
7,0.9,0.9000025,0.89999735,0.8999999,0.8999999,0.8999999,0.8999999,0.89999735,0.9000025,0.9,-4.1,
8,0.8750025,0.8749974,0.87500244,0.87499994,0.87499994,0.87499994,0.87499994,0.87500244,0.8749974,0.8750025,-4.125,
9,0.84721965,0.84722465,0.8472196,0.84722215,0.84722215,0.84722215,0.84722215,0.8472196,0.84722465,0.84721965,-4.1527777,
10,0.81666917,0.8166615,0.8166691,0.81666404,0.8166666,0.8166666,0.81666404,0.8166691,0.8166615,0.81666917,-4.1833334,
11,0.78333074,0.78333575,0.7833282,0.7833383,0.78333074,0.78333074,0.7833383,0.7833282,0.78333575,0.78333074,-4.2166667,
12,0.7472222,0.74721956,0.7472247,0.74721956,0.7472222,0.7472222,0.74721956,0.7472247,0.74721956,0.7472222,-4.2527776,
13,0.7476085,0.7476135,0.74760586,0.7476135,0.7476085,0.7476085,0.7476135,0.74760586,0.7476135,0.7476085,-4.250919,
14,0.7476136,0.74760336,0.7476186,0.74760336,0.7476111,0.7476111,0.74760336,0.7476186,0.74760336,0.7476136,-4.2497416,
15,0.747606,0.74761605,0.7476008,0.74761605,0.74760604,0.74760604,0.74761605,0.7476008,0.74761605,0.747606,-4.2487984,
16,0.7476136,0.7476008,0.7476186,0.7476008,0.74761367,0.74761367,0.7476008,0.7476186,0.7476008,0.7476136,-4.248043,
17,0.7476034,0.7476186,0.7475983,0.7476186,0.74760604,0.74760604,0.7476186,0.7475983,0.7476186,0.7476034,-4.247438,
18,0.7476161,0.7475983,0.7476212,0.7475983,0.74761367,0.74761367,0.7475983,0.7476212,0.7475983,0.7476161,-4.246953,
19,0.74760085,0.7476212,0.7475983,0.7476212,0.7476035,0.7476035,0.7476212,0.7475983,0.7476212,0.74760085,-4.246565,
20,0.7476161,0.74760085,0.7476212,0.74760085,0.7476111,0.7476111,0.74760085,0.7476212,0.74760085,0.7476161,-4.246254,
21,0.7476034,0.7476187,0.74760085,0.7476187,0.74760604,0.74760604,0.7476187,0.74760085,0.7476187,0.7476034,-4.2460046,
22,0.7476161,0.74759835,0.7476212,0.74760085,0.74761367,0.74761367,0.74760085,0.7476212,0.74759835,0.7476161,-4.245805,
23,0.74760085,0.74762124,0.74760085,0.7476187,0.74760604,0.74760604,0.7476187,0.74760085,0.74762124,0.74760085,-4.2456446,
24,0.7476187,0.7475958,0.74762374,0.74760085,0.74761367,0.74761367,0.74760085,0.74762374,0.7475958,0.7476187,-4.245517,
25,0.74759835,0.74762374,0.7475983,0.7476187,0.74760604,0.74760604,0.7476187,0.7475983,0.74762374,0.74759835,-4.245414,
26,0.7476187,0.7475983,0.74762374,0.74759835,0.74761367,0.74761367,0.74759835,0.74762374,0.7475983,0.7476187,-4.2453313,
27,0.74760085,0.74762374,0.7475983,0.6579502,0.66078997,0.66434675,0.668355,0.67260844,0.67585117,0.74760085,-4.2452655,
28,0.7476187,0.7475983,0.69780886,0.63235027,0.6408177,0.64991677,0.65937203,0.6690511,0.6747272,0.6878093,-4.245213,
29,0.74760085,0.7199519,0.6891037,0.62481284,0.6372947,0.64889765,0.66081303,0.66722625,0.6804298,0.67690945,-4.245171,
30,0.7245601,0.7181743,0.67052615,0.6302445,0.64153105,0.652787,0.65776026,0.6707942,0.6711398,0.6798417,-4.2451367,
31,0.7192373,0.6952505,0.67461807,0.6462682,0.6415137,0.64929533,0.6622387,0.6637446,0.6757835,0.6725887,-4.2451096,
32,0.6992483,0.69711465,0.67033035,0.6624608,0.6484768,0.6521614,0.6558885,0.6695964,0.6673225,0.67525136,-4.2450876,
33,0.69747066,0.6834199,0.6808386,0.6590673,0.65829074,0.6521894,0.6614325,0.6607208,0.67299116,0.6686443,-4.24507,
34,0.6857621,0.689793,0.6701803,0.67073005,0.655328,0.6607165,0.6559012,0.6679306,0.6631465,0.6722683,-4.245056,
35,0.68911904,0.6766628,0.6813777,0.66186726,0.66688144,0.65504783,0.6652599,0.65858966,0.66413736,0.66466683,-4.2450447,
36,0.678738,0.6862021,0.66791946,0.67549336,0.65752274,0.6672956,0.6558808,0.66537726,0.6653172,0.6642269,-4.2450356,
37,0.6849585,0.671897,0.68228304,0.6613027,0.6729367,0.6555285,0.6674953,0.66006464,0.6655513,0.6651348,-4.2450285,
38,0.67407393,0.68492293,0.6648575,0.67941993,0.6568031,0.6718452,0.65672004,0.6672439,0.66318476,0.6654832,-4.245023,
39,0.68311477,0.6677441,0.6840963,0.6587621,0.67772543,0.6550834,0.6709692,0.65914404,0.6633126,0.66356564,-4.245018,
40,0.670305,0.68537056,0.660936,0.68337196,0.65461093,0.67648643,0.65557307,0.6680272,0.6628092,0.6633546,-4.245014,
41,0.68285793,0.6634284,0.68697006,0.65493214,0.6827405,0.6527158,0.67410994,0.6582082,0.6639967,0.6628994,-4.2450113,
42,0.6666658,0.6873008,0.6560939,0.6881785,0.6502001,0.68128026,0.65339106,0.659323,0.6601745,0.66381234,-4.245009,
43,0.68386245,0.6584973,0.6912552,0.6425913,0.64451486,0.6485222,0.67218226,0.66243124,0.66172326,0.6607809,-4.245007,
44,0.66272396,0.69078743,0.64602053,0.64588434,0.64967406,0.65452886,0.65361995,0.66922206,0.6615961,0.6615642,-4.2450056,
45,0.6861106,0.6503262,0.6708135,0.65037334,0.6502666,0.651329,0.66279304,0.65631574,0.6658152,0.6615921,-4.2450047,
46,0.6562899,0.6815889,0.64807534,0.6589106,0.6509151,0.6571095,0.652824,0.6651887,0.6581934,0.66511184,-4.2450037,
47,0.67737246,0.6489122,0.6727157,0.6484456,0.6587988,0.6512883,0.6620759,0.65443385,0.665922,0.6593466,-4.2450027,
48,0.65365773,0.6779446,0.6460103,0.66767675,0.64887553,0.6614532,0.6518372,0.6650616,0.65588677,0.6648245,-4.2450023,
49,0.67389596,0.64670986,0.6757878,0.6451955,0.66630363,0.64912665,0.6645249,0.65261805,0.66594994,0.65737563,-4.245002,
50,0.6512417,0.6779675,0.6426381,0.6739151,0.64503545,0.6672236,0.6493551,0.6666383,0.65378106,0.6645193,-4.2450013,
51,0.6735119,0.6434953,0.6796381,0.6404958,0.6734041,0.6449686,0.6688813,0.64989436,0.66688836,0.65557003,-4.245001,
52,0.6485002,0.6802461,0.6378163,0.68052465,0.6393236,0.67405444,0.64504963,0.6457317,0.6494568,0.6650025,-4.245001,
53,0.6749539,0.63903975,0.6851109,0.6339116,0.6815065,0.6386464,0.64724416,0.65173244,0.65540475,0.6520478,-4.245001,
54,0.6450263,0.68458724,0.6310719,0.635132,0.63125426,0.6415344,0.65141875,0.65681374,0.65150106,0.65484524,-4.245001,
55,0.6779955,0.63287777,0.66305685,0.63574713,0.6391227,0.6440147,0.64892435,0.6508654,0.65631014,0.65205795,-4.245001,
56,0.6403953,0.67470974,0.6311177,0.64596856,0.6399668,0.6495613,0.6472764,0.6528109,0.6509212,0.65560305,-4.245001,
57,0.66899025,0.63143075,0.66358334,0.6343878,0.6486338,0.64296186,0.6516175,0.64868844,0.65457314,0.65170187,-4.245001,
58,0.6376894,0.67016006,0.62950027,0.65852463,0.6375686,0.6509193,0.6451809,0.65358907,0.6494414,0.65409493,-4.245001,
59,0.6647483,0.6295335,0.6682118,0.6307587,0.6566294,0.64031446,0.65303916,0.64661324,0.64967465,0.65021664,-4.245001,
60,0.6354031,0.6705873,0.62591445,0.6659404,0.6331919,0.65644807,0.6423987,0.65188515,0.65047693,0.64976394,-4.245001,
61,0.66472286,0.62622494,0.67296493,0.62551224,0.6643071,0.63572156,0.6554755,0.6458325,0.65086347,0.6503565,-4.245001,
62,0.63264126,0.6735806,0.6206349,0.67342484,0.62687224,0.6625796,0.63914096,0.6539883,0.6469743,0.65077865,-4.245001,
63,0.66675735,0.621421,0.6793736,0.61823636,0.67256975,0.62972236,0.63689494,0.64184487,0.6505841,0.6476099,-4.245001,
64,0.6289766,0.6788067,0.6132141,0.6216605,0.61858165,0.6334448,0.6407593,0.643948,0.6440812,0.6500869,-4.245001,
65,0.6705008,0.6146842,0.6543492,0.61528236,0.6285482,0.6351447,0.64305353,0.64225173,0.6473415,0.64508456,-4.245001,
66,0.62398696,0.6677314,0.6106099,0.6443554,0.6248439,0.6349984,0.6382114,0.64552474,0.64325976,0.64696646,-4.245001,
67,0.6604402,0.6116986,0.66108847,0.6147712,0.64132595,0.6324254,0.6404926,0.640202,0.6465811,0.64387655,-4.245001,
68,0.6198213,0.6662183,0.6079192,0.6552578,0.6216294,0.632344,0.63584894,0.6439099,0.641533,0.6461323,-4.245001,
69,0.6584845,0.60805434,0.666607,0.6102775,0.64625967,0.63244826,0.63837683,0.63811153,0.64540875,0.6422998,-4.245001,
70,0.61645925,0.66859865,0.6027821,0.6615597,0.61860055,0.6357157,0.634936,0.6423153,0.6396231,0.6448912,-4.245001,
71,0.65990865,0.6030698,0.65963614,0.60504115,0.6519741,0.6366047,0.6394653,0.6367204,0.6440456,0.64050174,-4.245001,
72,0.61254287,0.65821993,0.59787875,0.66144526,0.6173621,0.6391452,0.63726854,0.64231277,0.6380937,0.6434543,-4.245001,
73,0.6506085,0.5993185,0.6568004,0.601641,0.6539552,0.62599975,0.64111376,0.63716847,0.63790965,0.63898855,-4.245001,
74,0.6078686,0.6597459,0.59422666,0.6613461,0.6093614,0.64992553,0.6305267,0.6386665,0.63945097,0.6380883,-4.245001,
75,0.6511018,0.5945222,0.65233195,0.59517634,0.6607759,0.61661303,0.64582366,0.6345797,0.64025027,0.6392225,-4.245001,
76,0.60395217,0.6499775,0.5884612,0.6496856,0.5997993,0.6573769,0.62335,0.64397657,0.6384325,0.64007956,-4.245001,
77,0.6423077,0.5902317,0.6452695,0.5879562,0.6595016,0.60648626,0.65371245,0.62944,0.63873035,0.63870883,-4.245001,
78,0.5989117,0.64973843,0.5828509,0.6469058,0.5929694,0.6621758,0.61399126,0.6480837,0.63685906,0.63872665,-4.245001,
79,0.64126503,0.5843418,0.64111125,0.581354,0.6471162,0.5969572,0.6597015,0.62290925,0.6391671,0.63717026,-4.245001,
80,0.59382546,0.63962424,0.5763708,0.6364813,0.58271646,0.6524176,0.6044011,0.6523816,0.62909806,0.63883346,-4.245001,
81,0.63199025,0.5790392,0.6323093,0.5645109,0.5694583,0.58701843,0.6577331,0.6127901,0.6474417,0.63072085,-4.245001,
82,0.58786184,0.6380526,0.565046,0.5661835,0.57044226,0.58601123,0.5934758,0.65701264,0.6189001,0.6446547,-4.245001,
83,0.6296862,0.57083136,0.60623455,0.5680891,0.57560754,0.58466256,0.6246292,0.6005373,0.65438443,0.6231932,-4.245001,
84,0.58063936,0.62319696,0.5653741,0.58752704,0.5889251,0.592406,0.58904314,0.6438392,0.60713816,0.64918655,-4.245001,
85,0.6161033,0.56742865,0.60980767,0.57599396,0.5900822,0.5926362,0.6213536,0.5930045,0.6032624,0.6141473,-4.245001,
86,0.57554036,0.6180166,0.5674772,0.60260785,0.583671,0.6071728,0.5896509,0.6144533,0.6042551,0.60507596,-4.245001,
87,0.6109382,0.5663402,0.6150719,0.5725709,0.60724837,0.5843838,0.6131647,0.59501106,0.6098279,0.6043919,-4.245001,
88,0.57377285,0.6181896,0.56438476,0.6154481,0.5752812,0.6130754,0.58709,0.61332923,0.5985913,0.6089212,-4.245001,
89,0.6107881,0.56362414,0.6226454,0.56476605,0.61859584,0.5776419,0.6161046,0.5905631,0.61251754,0.6003152,-4.245001,
90,0.57148653,0.6226146,0.557704,0.62682605,0.56593776,0.62176526,0.580544,0.61695063,0.59353817,0.6104852,-4.245001,
91,0.61409163,0.5581488,0.6134416,0.5626515,0.6307774,0.5678509,0.6236704,0.583717,0.61596096,0.5963606,-4.245001,
92,0.56747097,0.614362,0.5545045,0.619156,0.56938255,0.63382226,0.57046556,0.6238247,0.58716,0.61269516,-4.245001,
93,0.60654616,0.5550587,0.61624646,0.5555854,0.6286667,0.57355905,0.63531035,0.57380897,0.6217161,0.5914142,-4.245001,
94,0.563641,0.61643445,0.5517538,0.6126937,0.56171626,0.63397485,0.5725807,0.63459235,0.5768442,0.61666495,-4.245001,
95,0.60763466,0.5515756,0.6079402,0.5505167,0.5514295,0.5652419,0.56512415,0.5682928,0.5713418,0.58348215,-4.245001,
96,0.5609174,0.60739577,0.5447256,0.55296534,0.5539877,0.5575031,0.5684427,0.5682292,0.5756758,0.57336813,-4.245001,
97,0.59964675,0.5467599,0.58411866,0.5489921,0.5585512,0.56162804,0.5622503,0.57032704,0.5770682,0.57529074,-4.245001,
98,0.5555743,0.5968977,0.54384565,0.57381815,0.5602424,0.56026745,0.5663905,0.5695819,0.5723354,0.5767734,-4.245001,
99,0.5900108,0.544466,0.589973,0.54962534,0.56290567,0.56365234,0.56476384,0.56973255,0.5717974,0.5730757,-4.245001,
100,0.5520546,0.595054,0.54227144,0.5794207,0.5563312,0.56308544,0.56691027,0.5681151,0.57126415,0.57201016,-4.245001,
0,0.5878873,0.5418415,0.5922338,0.5459531,0.5729099,0.56095433,0.56545585,0.5673607,0.5710766,0.5713896,-4.245001,
1,0.54951906,0.5954151,0.5385279,0.58664066,0.55129325,0.56158537,0.56401396,0.5685266,0.5691842,0.57112765,-4.245001,
2,0.5877652,0.5383167,0.5968597,0.54027426,0.5766483,0.5616119,0.56517106,0.56656533,0.5698963,0.56950766,-4.245001,
3,0.54655886,0.5983143,0.5329,0.59191763,0.5480864,0.5645615,0.5639707,0.5676385,0.5678338,0.56983066,-4.245001,
4,0.5896878,0.5332203,0.5896193,0.53477603,0.58159214,0.56540036,0.56633323,0.5657083,0.56883067,0.56817,-4.245001,
5,0.5426323,0.5888053,0.5278212,0.5912539,0.5465885,0.5676244,0.56546855,0.56778854,0.56672496,0.5687219,-4.245001,
6,0.5811099,0.5292757,0.5867021,0.53119785,0.5830875,0.5551399,0.56795317,0.5659117,0.5684263,0.5670561,-4.245001,
7,0.53791225,0.58998024,0.5239631,0.5908622,0.53873277,0.5777865,0.55969816,0.5684421,0.56627226,0.56819546,-4.245001,
8,0.5813006,0.5244502,0.58190304,0.5247357,0.5893894,0.54604316,0.57460093,0.56208575,0.5685458,0.5665907,-4.245001,
9,0.53392464,0.57959914,0.51822555,0.57928824,0.52938926,0.58599067,0.5517814,0.56185716,0.56388104,0.56822085,-4.245001,
10,0.5719877,0.520128,0.57522714,0.51764274,0.5885577,0.53554004,0.57638365,0.56331044,0.56516784,0.5646045,-4.245001,
11,0.52877223,0.57954824,0.51262546,0.57667625,0.52149165,0.5876819,0.54643065,0.56836426,0.5638225,0.5650725,-4.245001,
12,0.57108736,0.51415926,0.57070273,0.49838036,0.5751046,0.5279946,0.5815309,0.55366856,0.56703705,0.5640323,-4.245001,
13,0.5236478,0.5694493,0.5025455,0.4842469,0.5054827,0.52256745,0.5363141,0.57657456,0.55794024,0.56653476,-4.245001,
14,0.5618151,0.5068374,0.5295459,0.4825326,0.50299656,0.52366346,0.55104387,0.5438597,0.5730668,0.5593758,-4.245001,
15,0.51600057,0.5499969,0.49081147,0.49104923,0.50310594,0.5298757,0.5318381,0.56407505,0.5492402,0.57078177,-4.245001,
16,0.5443311,0.49822894,0.52382636,0.5022264,0.5112796,0.51609194,0.5486584,0.53792405,0.56945044,0.55282724,-4.245001,
17,0.5059145,0.538062,0.4976067,0.5176702,0.50892717,0.5315084,0.5246029,0.56140226,0.5426992,0.56667966,-4.245001,
18,0.5327013,0.49773046,0.53122944,0.5016664,0.5263298,0.51513064,0.5488822,0.5305668,0.56641394,0.5466932,-4.245001,
19,0.5035596,0.5357655,0.4961978,0.53179234,0.5064044,0.5401042,0.5199566,0.5606546,0.5355454,0.5631269,-4.245001,
20,0.53039473,0.49589178,0.537956,0.4979102,0.5392311,0.51018935,0.5537599,0.5240945,0.56482196,0.5401421,-4.245001,
21,0.5016421,0.53843075,0.4923424,0.5431118,0.50014067,0.550531,0.5130723,0.56320024,0.5284883,0.5607084,-4.245001,
22,0.532297,0.49238992,0.54615253,0.49103355,0.5520129,0.5017207,0.56173515,0.5160633,0.5656765,0.5338555,-4.245001,
23,0.49904305,0.54443,0.48565906,0.55553246,0.49019703,0.563,0.5030219,0.5690011,0.5138245,0.5603753,-4.245001,
24,0.536867,0.48656106,0.5458446,0.49379677,0.54906017,0.49804473,0.56498766,0.5016872,0.501211,0.52158237,-4.245001,
25,0.49494603,0.5474436,0.4839931,0.5527401,0.49001628,0.55376846,0.50071883,0.5083269,0.51036274,0.5046095,-4.245001,
26,0.5386955,0.48302612,0.54282063,0.48544887,0.5516514,0.48888046,0.53442293,0.50523144,0.50607437,0.50940335,-4.245001,
27,0.49230626,0.5392876,0.47773173,0.4643673,0.48540947,0.5446715,0.49290377,0.50921357,0.50745785,0.50662625,-4.245001,
28,0.5314578,0.47898746,0.50450325,0.45822415,0.48052925,0.48298782,0.53072524,0.5013581,0.5079741,0.5073205,-4.245001,
29,0.48772866,0.5223148,0.46461934,0.46163112,0.46950224,0.50814444,0.48788875,0.52134967,0.5039331,0.5078622,-4.245001,
30,0.51654994,0.47104526,0.49501485,0.4705989,0.48659718,0.47542453,0.5177324,0.49308276,0.51578915,0.5045892,-4.245001,
31,0.47862932,0.50964236,0.4681365,0.48898786,0.47150114,0.5051334,0.48053145,0.5193915,0.49695218,0.5139225,-4.245001,
32,0.5044726,0.46935663,0.5027765,0.4676926,0.49990028,0.47278222,0.5157869,0.48533896,0.518846,0.49978015,-4.245001,
33,0.4752088,0.5074349,0.46472108,0.50507665,0.46694386,0.5117354,0.47498235,0.520869,0.48964065,0.51566964,-4.245001,
34,0.5020642,0.46580386,0.5108687,0.46146956,0.5130152,0.46643203,0.520896,0.47802743,0.52145016,0.49397928,-4.245001,
35,0.4718493,0.5109826,0.45839122,0.51754814,0.45850065,0.52256656,0.46682397,0.5259705,0.47410524,0.5168725,-4.245001,
36,0.5044624,0.46002078,0.5204792,0.45187688,0.5246651,0.4560052,0.53064895,0.4642996,0.4672387,0.4812331,-4.245001,
37,0.46742934,0.51829916,0.45633262,0.50688463,0.46459502,0.51012284,0.46823934,0.502795,0.4734798,0.4695728,-4.245001,
38,0.5098233,0.455611,0.51286507,0.45530996,0.51337993,0.46156174,0.5107071,0.46731323,0.487257,0.4728331,-4.245001,
39,0.46464968,0.5136018,0.4490859,0.51954436,0.45232952,0.51765305,0.45929515,0.50249743,0.46816584,0.4848494,-4.245001,
40,0.5054415,0.4505652,0.50598574,0.4526246,0.5119581,0.44894528,0.5157145,0.4594244,0.49650905,0.47094354,-4.245001,
41,0.4597109,0.5082076,0.44555077,0.4311092,0.44351053,0.5009165,0.44734752,0.51130176,0.46170375,0.49224734,-4.245001,
42,0.50012636,0.4464553,0.472335,0.42335257,0.43756124,0.4392608,0.49965954,0.4482143,0.5062314,0.46679315,-4.245001,
43,0.45540032,0.49064982,0.43074465,0.42518565,0.4313013,0.47187138,0.43752322,0.50580585,0.4520907,0.49965805,-4.245001,
44,0.48477602,0.4377832,0.4609367,0.433338,0.4504409,0.4302505,0.49454275,0.43802887,0.50836,0.46001828,-4.245001,
45,0.44561434,0.47675163,0.43274355,0.45087656,0.42971948,0.47718397,0.42742696,0.49093089,0.44243443,0.5002989,-4.245001,
46,0.4715619,0.43500614,0.46726146,0.42905143,0.46784103,0.42317295,0.4809902,0.4287081,0.49718785,0.45207608,-4.245001,
47,0.44109774,0.47323194,0.42811504,0.4718269,0.4214772,0.48011366,0.4198228,0.48716435,0.43408006,0.48967117,-4.245001,
48,0.4678769,0.43031406,0.4774645,0.41956812,0.4820266,0.41404566,0.47933444,0.42025965,0.49165127,0.4433455,-4.245001,
49,0.4365735,0.4773747,0.41910726,0.48642957,0.41634142,0.4686567,0.41261148,0.40732133,0.4099638,0.4836007,-4.245001,
50,0.47057262,0.4223388,0.48142904,0.4270565,0.47133526,0.40845567,0.44080973,0.41055888,0.4132308,0.42223495,-4.245001,
51,0.43037587,0.48196507,0.41839245,0.48186097,0.41180566,0.46136552,0.40602988,0.42393985,0.4167508,0.41473016,-4.245001,
52,0.4733675,0.41798496,0.47603488,0.41043088,0.47295505,0.4030922,0.44671997,0.4100007,0.41962454,0.41641116,-4.245001,
53,0.4272173,0.47468388,0.40744272,0.4596798,0.40786988,0.4654979,0.40208548,0.43574739,0.41248852,0.4190916,-4.245001,
54,0.46677572,0.41095048,0.45952958,0.39561906,0.46346372,0.40166903,0.45601258,0.40412608,0.42907736,0.4135883,-4.245001,
55,0.42025423,0.4678961,0.3970372,0.37583077,0.39075986,0.45851916,0.3969941,0.44681254,0.40661132,0.4264947,-4.245001,
56,0.4599576,0.40205953,0.4246251,0.36919394,0.38540673,0.38913473,0.45865467,0.39680186,0.43999246,0.40992364,-4.245001,
57,0.4117093,0.44676268,0.38129523,0.37205553,0.37866578,0.42568716,0.39408067,0.4551591,0.39928964,0.4349811,-4.245001,
58,0.4409197,0.3909206,0.41252998,0.3819576,0.401114,0.38200635,0.44556892,0.39018717,0.45015734,0.4052392,-4.245001,
59,0.39925304,0.4307028,0.38354084,0.4011686,0.3798585,0.42793274,0.3794882,0.44589427,0.3918866,0.44267154,-4.245001,
60,0.42546254,0.38702962,0.41953632,0.3795342,0.4184073,0.37431082,0.43408647,0.3789972,0.4501065,0.4003513,-4.245001,
61,0.39343944,0.42643544,0.37925565,0.42335492,0.3723156,0.43201447,0.37027678,0.43277916,0.3829602,0.44181705,-4.245001,
62,0.42093578,0.38188994,0.42996567,0.37050357,0.43383393,0.3645503,0.4271461,0.3703758,0.36909413,0.39277023,-4.245001,
63,0.38839895,0.43029082,0.37022245,0.43833125,0.3691177,0.4177651,0.36083394,0.4012011,0.36706337,0.37304062,-4.245001,
64,0.42330852,0.37364766,0.43115824,0.37992433,0.4250805,0.35911033,0.4148882,0.3598091,0.3748933,0.36805862,-4.245001,
65,0.3819216,0.43318745,0.37074363,0.43347502,0.36334345,0.4211346,0.35330373,0.39878514,0.36278656,0.37375268,-4.245001,
66,0.42464364,0.37001607,0.431008,0.36079115,0.4222854,0.35692427,0.41239828,0.3535174,0.3888791,0.3646152,-4.245001,
67,0.37911904,0.4275237,0.36503783,0.4087863,0.3549928,0.41339296,0.34886578,0.40587285,0.35575736,0.38483563,-4.245001,
68,0.41945565,0.36591634,0.41974667,0.3545947,0.40837923,0.34509718,0.4060123,0.34636104,0.3997535,0.36060214,-4.245001,
69,0.37483895,0.424988,0.35364306,0.42067033,0.3433412,0.3974804,0.33902878,0.40752825,0.34833902,0.39322796,-4.245001,
70,0.4166302,0.3578251,0.40821847,0.3483899,0.3989822,0.33492953,0.39272425,0.34246087,0.4061622,0.35582104,-4.245001,
71,0.3676266,0.41134122,0.34698495,0.33149585,0.33454278,0.39305767,0.33269107,0.3980725,0.34280518,0.39777,-4.245001,
72,0.4040544,0.35130298,0.37413287,0.32632023,0.3269234,0.32701257,0.39333692,0.33104318,0.40012717,0.3519631,-4.245001,
73,0.3600964,0.3932926,0.33488983,0.3320233,0.3293821,0.32631874,0.32774818,0.32367224,0.33197743,0.39209878,-4.245001,
74,0.38776058,0.342402,0.3657431,0.33840176,0.3291598,0.3321213,0.32468623,0.3285462,0.33467144,0.34199655,-4.245001,
75,0.34996203,0.38056934,0.33758557,0.34725308,0.33593723,0.3263459,0.3309627,0.33250564,0.33709934,0.33589047,-4.245001,
76,0.3754671,0.3396834,0.3668341,0.33559567,0.33689344,0.33423978,0.3292537,0.33532527,0.3338721,0.3369001,-4.245001,
77,0.34564632,0.37464637,0.33439648,0.3536697,0.33470127,0.33294278,0.33540046,0.33114266,0.33528027,0.3343773,-4.245001,
78,0.36981115,0.33617643,0.36746228,0.33242437,0.3442609,0.33528754,0.33166716,0.33580676,0.3324984,0.3351275,-4.245001,
79,0.3417833,0.37224567,0.33061486,0.35846603,0.33269984,0.338263,0.33597776,0.33167163,0.33314064,0.33293787,-4.245001,
80,0.3671688,0.33219135,0.36921707,0.32867834,0.35010502,0.33390152,0.3348537,0.33488107,0.33317432,0.33310825,-4.245001,
81,0.33801943,0.3721948,0.32612625,0.3631047,0.32919794,0.34343064,0.33434254,0.33421266,0.3334795,0.33316165,-4.245001,
82,0.36649996,0.3276137,0.37226373,0.32372177,0.35594407,0.33047593,0.33295062,0.33456296,0.3352203,0.33342615,-4.245001,
83,0.3340954,0.37402076,0.32049066,0.3241718,0.32389298,0.33329758,0.336475,0.33403143,0.33386227,0.3349215,-4.245001,
84,0.36736465,0.3221053,0.35227472,0.32546946,0.3292717,0.33615068,0.33335844,0.3352979,0.3345413,0.3340416,-4.245001,
85,0.32965,0.36400846,0.32062292,0.33703944,0.330981,0.33078283,0.33598548,0.33380255,0.33468625,0.33445612,-4.245001,
86,0.35828313,0.32081592,0.35384893,0.32455269,0.3342362,0.33378372,0.33188596,0.33550644,0.33406827,0.33464685,-4.245001,
87,0.32706112,0.35998267,0.3192242,0.34621,0.3286057,0.33298263,0.33495298,0.33269373,0.33518726,0.3341662,-4.245001,
88,0.3544939,0.31905353,0.35686255,0.32143736,0.34081784,0.33164495,0.33385435,0.3314842,0.3325757,0.33501816,-4.245001,
89,0.32496303,0.35974362,0.31617755,0.35188627,0.32495633,0.33796462,0.33131123,0.3327334,0.33376807,0.3329811,-4.245001,
90,0.3539471,0.31622046,0.36021695,0.3170886,0.34714514,0.32704186,0.33579478,0.3337652,0.33275846,0.3336347,-4.245001,
91,0.32250637,0.361623,0.31181353,0.35774818,0.31927496,0.34307632,0.3298057,0.33447817,0.33380622,0.33290482,-4.245001,
92,0.35510167,0.31222266,0.36500058,0.31085792,0.35387173,0.3224795,0.3285362,0.33217347,0.33367652,0.3336576,-4.245001,
93,0.31936812,0.36536902,0.3055981,0.3648308,0.3125382,0.34328485,0.32853746,0.33098838,0.33283475,0.33367285,-4.245001,
94,0.35770074,0.30660743,0.36687467,0.30286995,0.35867316,0.31801122,0.33120722,0.33065015,0.33227527,0.33297604,-4.245001,
95,0.31512108,0.36847925,0.30191666,0.36158812,0.30507922,0.34793624,0.3324948,0.33186322,0.331759,0.33239368,-4.245001,
96,0.3595852,0.30411652,0.35763764,0.29614818,0.36028042,0.31554946,0.33504832,0.33215567,0.332171,0.3318647,-4.245001,
97,0.31336126,0.3604328,0.29374403,0.29262707,0.2998022,0.3512296,0.32270554,0.33377057,0.33199298,0.33211902,-4.245001,
98,0.35258907,0.2972309,0.33017182,0.29563388,0.32438412,0.3068138,0.34469855,0.326632,0.33305347,0.3320122,-4.245001,
99,0.30645669,0.3462828,0.29268354,0.3083495,0.29865018,0.3376213,0.3136164,0.3402352,0.32890818,0.33287942,-4.245001,
100,0.33964455,0.29438257,0.3311662,0.29426342,0.32569128,0.30263543,0.34174344,0.31915265,0.33740732,0.32956827,-4.245001,
101,0.3019274,0.3399631,0.29022944,0.3322273,0.29542294,0.3371686,0.3074671,0.341845,0.32291147,0.33609903,-4.245001,
102,0.33362496,0.2912011,0.34119123,0.28844473,0.3390656,0.2974754,0.34306586,0.3122277,0.34075662,0.3251076,-4.245001,
103,0.2982729,0.3425393,0.2841132,0.3458737,0.2878368,0.34591186,0.30060574,0.3452121,0.31621286,0.33814877,-4.245001,
104,0.33516103,0.28548926,0.3477142,0.27931744,0.35234076,0.28847778,0.35055792,0.3043211,0.34451282,0.3198662,-4.245001,
105,0.29376903,0.347651,0.28508058,0.33344018,0.29061016,0.35172272,0.29038236,0.35233796,0.2947509,0.340402,-4.245001,
106,0.33867308,0.2835782,0.343126,0.282781,0.34835705,0.28873307,0.3508858,0.28499195,0.2823068,0.3023593,-4.245001,
107,0.29276195,0.3401844,0.27651885,0.35274,0.27986938,0.34642243,0.28515467,0.28697747,0.28600785,0.28565094,-4.245001,
108,0.33228222,0.27846768,0.33059072,0.2829306,0.33206072,0.27787724,0.28449035,0.2854664,0.29109207,0.2859485,-4.245001,
109,0.28743663,0.33732337,0.2751581,0.27289104,0.27418643,0.27362618,0.28522587,0.28805277,0.28510553,0.2902362,-4.245001,
110,0.3290092,0.27507007,0.30843496,0.27336663,0.2731539,0.2764192,0.28034922,0.28484842,0.28958908,0.2859612,-4.245001,
111,0.28405938,0.32357013,0.27041516,0.28221154,0.27508414,0.28433877,0.28066203,0.28498322,0.28494024,0.28898245,-4.245001,
112,0.31698784,0.27208954,0.30649966,0.27180684,0.28418347,0.27715704,0.28510487,0.28255454,0.2872138,0.2856128,-4.245001,
113,0.2795733,0.3161493,0.2681111,0.2979553,0.27340567,0.28547308,0.27927855,0.28655997,0.2837348,0.2869454,-4.245001,
114,0.31005272,0.26914206,0.31137994,0.26773527,0.29374817,0.27532852,0.28676808,0.2809422,0.28709173,0.2842675,-4.245001,
115,0.27596205,0.31533295,0.2636657,0.3064341,0.26906198,0.29191992,0.2771754,0.28759503,0.2821072,0.28661987,-4.245001,
116,0.30877098,0.2647577,0.31612542,0.26191148,0.30252197,0.27103317,0.29115498,0.2787505,0.28766394,0.2828611,-4.245001,
117,0.27209648,0.31774637,0.25747064,0.31459245,0.26246002,0.29970953,0.27308348,0.27969626,0.28004858,0.28686145,-4.245001,
118,0.31013918,0.25890085,0.31949487,0.253893,0.31211722,0.26422268,0.2915466,0.28152007,0.28287932,0.28118518,-4.245001,
119,0.26744002,0.32073435,0.25528452,0.31387255,0.25316235,0.3060114,0.27079466,0.28538364,0.28117797,0.28259915,-4.245001,
120,0.31184816,0.2563333,0.31175318,0.24649172,0.24778825,0.25708157,0.27185106,0.2749487,0.28430092,0.2814166,-4.245001,
121,0.26558608,0.31261122,0.24470861,0.24805747,0.2505201,0.2601257,0.27560136,0.27842516,0.27750313,0.28381732,-4.245001,
122,0.30477318,0.24876338,0.284295,0.25174904,0.2551104,0.26338598,0.26857722,0.2763398,0.28152636,0.27855304,-4.245001,
123,0.25809655,0.29962093,0.24647355,0.26420024,0.2645938,0.2616719,0.2700039,0.27491057,0.2769945,0.2810326,-4.245001,
124,0.29269838,0.24702898,0.2858463,0.25457194,0.2627526,0.26792547,0.2680991,0.273344,0.27807787,0.2776655,-4.245001,
125,0.25464296,0.293965,0.24690588,0.2764912,0.26108176,0.26514837,0.27091688,0.2730592,0.27522194,0.27800882,-4.245001,
126,0.2874112,0.24597867,0.2894855,0.25149477,0.2718977,0.26609442,0.2689002,0.27307191,0.2755678,0.27568695,-4.245001,
127,0.25288567,0.29316646,0.2442076,0.28393495,0.25734082,0.2708755,0.26965803,0.27214113,0.2742479,0.27558777,-4.245001,
128,0.286455,0.24358812,0.29347822,0.24709007,0.2796339,0.26267648,0.26778692,0.27007496,0.2709578,0.27447134,-4.245001,
129,0.25073418,0.29511705,0.23998854,0.29093874,0.25213248,0.27493438,0.26698107,0.2703013,0.27117372,0.27153912,-4.245001,
130,0.28772148,0.23983192,0.2989205,0.24107048,0.28635794,0.25784963,0.26838964,0.26894334,0.2708998,0.27123648,-4.245001,
131,0.24781212,0.29926234,0.23395622,0.29836977,0.24536012,0.2795451,0.26812795,0.26972407,0.27000207,0.27095672,-4.245001,
132,0.29068932,0.23439723,0.28967094,0.23313591,0.29380167,0.2542104,0.26947016,0.2689942,0.2703759,0.27016327,-4.245001,
133,0.24377872,0.29021114,0.22754988,0.28858107,0.238102,0.25164706,0.26152816,0.2700267,0.2694909,0.27033874,-4.245001,
134,0.28246993,0.22960323,0.28610784,0.22663294,0.27367023,0.25073466,0.26076013,0.26500657,0.27026147,0.26963174,-4.245001,
135,0.23841527,0.28967434,0.22167507,0.23175454,0.23479338,0.25597233,0.25754562,0.26556605,0.266991,0.27015817,-4.245001,
136,0.28113225,0.22351086,0.2650507,0.22801176,0.24487181,0.24639219,0.26112634,0.2619014,0.26795992,0.2675184,-4.245001,
137,0.23311539,0.2780264,0.22139531,0.2579546,0.23635232,0.25373167,0.25337234,0.2648362,0.2643487,0.2678846,-4.245001,
138,0.27054265,0.22161466,0.27316582,0.22564411,0.25800708,0.24387957,0.25993872,0.25819862,0.2665841,0.26493713,-4.245001,
139,0.22976863,0.27743894,0.21812737,0.27002174,0.23217905,0.26065406,0.25004593,0.26382402,0.26100954,0.26631042,-4.245001,
140,0.2694949,0.21800342,0.2799102,0.21993153,0.26902393,0.23893826,0.26359573,0.25460517,0.26551852,0.261893,-4.245001,
141,0.22658719,0.27924693,0.21545845,0.2175014,0.22503538,0.26935157,0.24490371,0.2656627,0.25744408,0.2649117,-4.245001,
142,0.27047145,0.21455222,0.25203377,0.2252417,0.22964174,0.2311512,0.24239472,0.24956568,0.26615685,0.25868866,-4.245001,
143,0.22387111,0.26644227,0.21632312,0.23901875,0.22905721,0.23656043,0.24267668,0.25479943,0.25278762,0.26491678,-4.245001,
144,0.25934523,0.21495149,0.25677416,0.22087605,0.23875672,0.23579241,0.24761526,0.24694878,0.25435218,0.25481293,-4.245001,
145,0.2223503,0.26284882,0.21359688,0.2507502,0.2271753,0.24400927,0.24079409,0.25143233,0.25409055,0.25442636,-4.245001,
146,0.25610018,0.2129882,0.26160356,0.2170105,0.24962097,0.2328729,0.2484896,0.24699965,0.25254327,0.2541466,-4.245001,
147,0.22017336,0.26395,0.20982033,0.25989786,0.2221984,0.25085285,0.23898338,0.250911,0.24944904,0.25281146,-4.245001,
148,0.2566546,0.20956004,0.26771218,0.21113586,0.25906363,0.22833851,0.25220767,0.24346979,0.2493471,0.25000894,-4.245001,
149,0.21741153,0.26802662,0.20397623,0.26919556,0.21536756,0.2586679,0.23409294,0.25158745,0.24868059,0.24945708,-4.245001,
150,0.2595919,0.20432372,0.26091927,0.20305634,0.2693277,0.22095579,0.25746685,0.24025017,0.24929999,0.24881113,-4.245001,
151,0.21353325,0.26129985,0.19733082,0.25759614,0.20563498,0.2681105,0.22762066,0.25484267,0.24405238,0.24921803,-4.245001,
152,0.2533358,0.19922711,0.25442138,0.19524619,0.26262128,0.21090786,0.2652361,0.23372196,0.24693811,0.24490997,-4.245001,
153,0.20824355,0.25783336,0.19087872,0.25357527,0.19646172,0.26981696,0.21754731,0.25857088,0.23882993,0.24659862,-4.245001,
154,0.24956943,0.19308525,0.24801506,0.18084042,0.25098118,0.20249148,0.26937634,0.22481336,0.2541116,0.28040355,-4.1960826,
155,0.20249608,0.24901617,0.18017957,0.16742194,0.18357365,0.1930732,0.2074638,0.2658468,0.24930634,0.29763085,-4.15698,
156,0.24126357,0.18492925,0.21133547,0.1674369,0.17987593,0.19708808,0.21292438,0.22422083,0.25651443,0.2955798,-4.1187606,
157,0.1943199,0.23089889,0.17227043,0.17743932,0.18252587,0.19658418,0.21040419,0.23588616,0.26321545,0.29955706,-4.0822287,
158,0.22480187,0.1780043,0.20771405,0.1843567,0.18751295,0.19645448,0.216879,0.23691612,0.27104282,0.305995,-4.045507,
159,0.18580295,0.22050764,0.17823407,0.19579796,0.19072492,0.2028352,0.21666029,0.24474388,0.27150378,0.3108108,-4.0115647,
160,0.21472344,0.17774235,0.21147788,0.18322234,0.20027438,0.20378633,0.2245796,0.24401146,0.27630904,0.30922693,-3.9803956,
161,0.18390323,0.21703118,0.17703626,0.20839171,0.19274925,0.21338665,0.22382429,0.2511602,0.2785903,0.31053913,-3.9516532,
162,0.21150893,0.17640465,0.21667859,0.18227884,0.21290356,0.20771801,0.233211,0.2512136,0.28002304,0.31297952,-3.9225862,
163,0.18225783,0.21827985,0.17519249,0.21840148,0.19301118,0.22475953,0.2290479,0.25721794,0.281496,0.3118065,-3.896296,
164,0.2122795,0.17432438,0.22313814,0.18029012,0.22475709,0.2095033,0.24231286,0.2550563,0.2839358,0.31005526,-3.8727863,
165,0.18065058,0.22253197,0.17221195,0.22880034,0.1915794,0.23620363,0.23116632,0.26402336,0.28457326,0.30901608,-3.852059,
166,0.21555506,0.17130569,0.23160678,0.17668141,0.2370506,0.20861065,0.2522209,0.25718743,0.2853623,0.30984837,-3.830856,
167,0.17868221,0.22938827,0.16759108,0.24073526,0.18770877,0.24863954,0.23075178,0.2700811,0.2845587,0.30786988,-3.812431,
168,0.22093633,0.16688573,0.22425438,0.1659464,0.17973258,0.20485699,0.26253837,0.25627443,0.28645316,0.30408892,-3.796785,
169,0.17589238,0.22506222,0.15998946,0.17136721,0.18671201,0.21224429,0.22701338,0.26436093,0.2795161,0.30424288,-3.7819345,
170,0.21686476,0.16159584,0.20245975,0.17618243,0.19237302,0.20626284,0.23955864,0.2520633,0.2779318,0.30265856,-3.7697978,
171,0.17080611,0.21500668,0.16515711,0.19222455,0.19109383,0.21704572,0.22801028,0.25948924,0.2738869,0.29861364,-3.7566435,
172,0.20763828,0.1627555,0.20789188,0.17655757,0.20614408,0.2087195,0.23940097,0.2500008,0.26706418,0.29179093,-3.746111,
173,0.1702339,0.21276872,0.16540888,0.21040156,0.19113198,0.22433943,0.22824425,0.25358915,0.2574637,0.28219047,-3.7381997,
174,0.20568007,0.1628267,0.21671401,0.1747011,0.22028644,0.2080583,0.24015373,0.24166186,0.24508543,0.26981223,-3.73291,
175,0.16996942,0.21657069,0.16343795,0.22336645,0.1881667,0.2326809,0.22316562,0.2427249,0.2299294,0.2546562,-3.7302415,
176,0.20880558,0.16116095,0.2262482,0.17051765,0.23245531,0.20266432,0.23931704,0.22475259,0.21199559,0.23672238,-3.7328324,
177,0.16909713,0.22379063,0.16282387,0.23589139,0.18149605,0.23957786,0.21086195,0.22575459,0.191284,0.2160108,-3.7383926,
178,0.21467511,0.16018574,0.22007856,0.17503056,0.24398333,0.191355,0.23509036,0.19832946,0.16779463,0.19252142,-3.7465742,
179,0.1692675,0.21725985,0.16177729,0.23484874,0.18023601,0.24488792,0.19037193,0.20178811,0.14152747,0.16625428,-3.7573771,
180,0.20926078,0.15977491,0.22415504,0.16843235,0.23716772,0.17868003,0.22700065,0.16197032,0.13916351,0.12288186,-3.7708173,
181,0.16802391,0.222969,0.16029821,0.22269496,0.16786484,0.23315117,0.16033494,0.18542816,0.17533408,0.12017647,-3.7870903,
182,0.21381299,0.1599285,0.21712041,0.15756792,0.21924098,0.15863602,0.1479941,0.14438373,0.13846205,0.14704683,-3.806182,
183,0.16891147,0.21756701,0.1522604,0.2131199,0.1513114,0.15527901,0.15099582,0.1430969,0.14899395,0.118090734,-3.827984,
184,0.20946169,0.15425068,0.2080794,0.14458226,0.18785618,0.15132783,0.15402588,0.15076189,0.16110398,0.11922082,-3.8526058,
185,0.1634539,0.21161336,0.14289895,0.1342721,0.14253907,0.15187196,0.15071476,0.15931375,0.16186766,0.12670922,-3.8800168,
186,0.20358706,0.14668214,0.17628008,0.13088962,0.14196031,0.15499695,0.15613925,0.15595427,0.16790257,0.12582695,-3.9101985,
187,0.15616783,0.19473968,0.1346185,0.13380422,0.14278485,0.14838737,0.15540428,0.16269611,0.16210999,0.12792236,-3.9431653,
188,0.188313,0.13990977,0.16756476,0.14022541,0.14091057,0.1491732,0.15555942,0.15831938,0.16822168,0.1206743,-3.9789016,
189,0.14797895,0.18216135,0.13701159,0.15159313,0.14511944,0.14813052,0.15354526,0.16228667,0.15832265,0.12176821,-4.01743,
190,0.17646456,0.13808888,0.17019182,0.13989761,0.1503888,0.14946567,0.15539157,0.15522948,0.15944012,0.11093302,-4.058724,
191,0.14448468,0.17724039,0.13552895,0.16255437,0.14404623,0.15327018,0.15200667,0.15193604,0.15614668,0.10727144,-4.1028085,
192,0.17178011,0.13586873,0.1737166,0.13725784,0.15945253,0.14744388,0.15267043,0.1471887,0.15139933,0.10113687,-4.149671,
193,0.14185254,0.17684619,0.13243395,0.16984552,0.14045279,0.15701622,0.14672205,0.13966358,0.1438742,0.09338019,-4.199313,
194,0.17101462,0.13273305,0.17788988,0.13273107,0.16598582,0.14209567,0.14852004,0.12936068,0.1335713,0.08303877,-4.2517333,
195,0.13911358,0.17908923,0.1277139,0.17629236,0.13423991,0.15893629,0.13430393,0.11627999,0.12049062,0.069950044,-4.306931,
196,0.17242351,0.12834105,0.18324064,0.1259409,0.17132385,0.1315315,0.13797367,0.10042153,0.104632154,0.054093696,-4.364907,
197,0.13569053,0.18333118,0.12090595,0.18298589,0.124003805,0.15721968,0.113531634,0.08187715,0.08608777,0.03545703,-4.42566,
198,0.17539135,0.12218413,0.17925027,0.11572769,0.17522246,0.11449762,0.120214984,0.060554985,0.06476562,0.014118776,-4.4891915,
199,0.13105185,0.1817161,0.112259105,0.1691485,0.108432196,0.09818207,0.08389907,0.036455054,0.04066568,-0.009984553,-4.5555005,
200,0.17327037,0.1150135,0.16594695,0.10381292,0.09858778,0.0871548,0.065476626,0.009577347,0.013787964,-0.036863126,-4.6245875,
201,0.124722004,0.16898993,0.10313161,0.10441439,0.09675078,0.083009705,0.04646672,-0.020078136,-0.015867526,-0.06651947,-4.685362,
202,0.16161011,0.10780982,0.14043425,0.10387951,0.09416074,0.07821105,0.029799035,-0.0525114,-0.048300788,-0.06451072,-4.7256265,
203,0.116777256,0.15582159,0.10200246,0.109611504,0.0947257,0.060177714,0.010967145,-0.06892978,-0.06471916,-0.076673396,-4.751123,
204,0.14931408,0.10423163,0.13613127,0.09716055,0.083805494,0.05203206,-0.0060820095,-0.08543338,-0.08122277,-0.04709975,-4.7311225,
205,0.111746944,0.14699693,0.096758515,0.11139191,0.073571935,0.037401427,-0.017879598,-0.07922439,-0.07501379,-0.043424595,-4.698719,
206,0.14112265,0.099503964,0.13279977,0.08225271,0.07448746,0.02678385,-0.021249248,-0.017150603,-0.08222044,-0.032917477,-4.6615434,
207,0.106439434,0.14112231,0.086222336,0.10602336,0.052298643,0.026600745,0.0077093896,-0.02358451,-0.033639718,-0.033446684,-4.620548,
208,0.13534212,0.09135577,0.1277186,0.065178126,0.06787024,0.03037984,-0.0042961407,-0.035732143,-0.051067077,0.009712689,-4.5767627,
209,0.09868797,0.13599281,0.07277425,0.10141774,0.045546632,0.030982932,1.7527919E-4,-0.026931703,-0.04123759,0.0043233223,-4.5311213,
210,0.1297752,0.08014819,0.12380726,0.054466452,0.06849331,0.021957364,0.0022326882,-0.012615116,-0.027281377,0.0117748,-4.4854693,
211,0.0884188,0.13197467,0.06102752,0.100784495,0.03484768,0.036852486,0.004943666,0.007946491,-0.02448257,0.025727563,-4.4385967,
212,0.12471691,0.068363324,0.11892679,0.042063594,0.07259284,0.018012969,0.02434013,0.025398426,-0.008416891,0.030848587,-4.39131,
213,0.07775545,0.125431,0.050591484,0.10172799,0.0253084,0.051846787,0.021412987,0.030600606,-4.3487642E-4,0.045167513,-4.3440423,
214,0.11748424,0.057366632,0.10293519,0.034143362,0.082505964,0.020194974,0.03355919,0.03998113,0.0067454223,0.053905938,-4.2971416,
215,0.067387104,0.1099813,0.039397597,0.018095003,0.02102068,0.062235475,0.030221347,0.03664329,0.01323067,0.061423242,-4.250201,
216,0.10288158,0.047104925,0.066774406,0.01143111,0.017007798,0.021550462,0.030713081,0.037135027,0.012064037,0.06671363,-4.2047524,
217,0.05640332,0.08901827,0.02509503,0.011940222,0.019690631,0.024119016,0.028427038,0.034848984,0.012625435,0.064260386,-4.161666,
218,0.08358176,0.03538618,0.053300895,0.017799495,0.017958848,0.024052897,0.030903365,0.03732532,0.007152874,0.0643885,-4.118508,
219,0.043420635,0.07211408,0.023625098,0.03339788,0.021257289,0.024472514,0.030582534,0.037004486,0.0064206836,0.057078104,-4.0781217,
220,0.0673337,0.029231802,0.055996615,0.021224752,0.02978441,0.026084859,0.027483925,0.03390588,-5.105529E-4,0.054741047,-4.038243,
221,0.035577618,0.065273054,0.021811843,0.045298032,0.022976447,0.028915364,0.021607535,0.028029496,-0.005546122,0.045803647,-4.001137,
222,0.06032228,0.024631277,0.059005138,0.019846374,0.038675196,0.021558085,0.012953369,0.01937534,-0.015990827,0.038649503,-3.9655,
223,0.030580362,0.06355643,0.01815736,0.052060217,0.018703986,0.026285766,0.0015214281,0.007943406,-0.026396547,0.02597956,-3.932638,
224,0.05805889,0.02001549,0.062212016,0.014696531,0.041444663,0.008313457,-0.0126882875,-0.0062663117,-0.04140371,0.012416454,-3.9025557,
225,0.02635622,0.0645915,0.012371734,0.055951208,0.0081805065,0.015052753,-0.029675785,-0.02325381,-0.057944097,-0.0051258057,-3.8752499,
226,0.05821911,0.014341772,0.06559438,0.005200479,0.03853532,-0.013615968,-0.049441062,-0.043019086,-0.07806995,-0.024612753,-3.8507228,
227,0.021653969,0.06719312,0.0035648681,0.05727363,-0.008960202,-0.0045446204,-0.07198412,-0.06556214,-0.10041478,-0.047410857,-3.8289728,
228,0.05960257,0.0065470673,0.062214367,-0.009361487,0.030287936,-0.04446415,-0.097304955,-0.09088297,-0.1259006,-0.07261083,-3.8100011,
229,0.01539024,0.06658003,-0.0053707063,0.04468242,-0.03326746,-0.032290183,-0.12540357,-0.118981585,-0.056797877,-0.100824796,-3.793807,
230,0.058048718,3.78415E-4,0.04772324,-0.026431158,0.010581203,-0.084561706,-0.10888895,-0.102466956,-0.086031266,-0.045706112,-3.775378,
231,0.009991173,0.054855805,-0.019776553,0.02313428,-0.062839,-0.04522201,-0.049315214,-0.12333057,-0.10508256,-0.063571,-3.7596378,
232,0.0473752,-0.01153009,0.03340268,-0.04846758,-0.015580196,-0.06264698,-0.07405817,-0.09186822,-0.10999179,-0.08519916,-3.7466743,
233,-0.0017148629,0.04276303,-0.03704206,6.095804E-4,-0.059998516,-0.06308141,-0.06869251,-0.1145509,-0.09232637,-0.09569144,-3.7365062,
234,0.03534873,-0.026282985,0.0131922215,-0.0548688,-0.028041534,-0.060992848,-0.059872042,-0.10205994,-0.06806781,-0.08552824,-3.7291455,
235,-0.016012348,0.02535002,-0.046548475,-0.06549172,-0.061954014,-0.05421146,-0.05823678,-0.08785618,-0.06043561,-0.066408396,-3.7245774,
236,0.018457245,-0.037572138,-0.017132077,-0.068778075,-0.060591206,-0.06029565,-0.048062988,-0.08704705,-0.042654034,-0.059629116,-3.722775,
237,-0.028234646,0.0049083233,-0.05717876,-0.067906074,-0.06497302,-0.053665705,-0.052681156,-0.074403554,-0.03924725,-0.046468683,-3.723762,
238,-6.162431E-4,-0.04799898,-0.02864483,-0.06453253,-0.06031909,-0.059400465,-0.04425851,-0.07924141,-0.02521357,-0.044206135,-3.7275167,
239,-0.040100895,-0.010920133,-0.05933279,-0.05240356,-0.062150143,-0.060207672,-0.045065716,-0.069026835,-0.027572324,-0.03492491,-3.7340612,
240,-0.015783476,-0.054026205,-0.028588882,-0.0616499,-0.055654984,-0.057824384,-0.042682424,-0.0746833,-0.016412329,-0.0381087,-3.7433715,
241,-0.047653995,-0.01864871,-0.061087556,-0.039951902,-0.060194474,-0.058218874,-0.043076914,-0.06932581,-0.022794163,-0.032132663,-3.7554746,
242,-0.023481537,-0.058339357,-0.025771096,-0.06294181,-0.047850113,-0.061061025,-0.045919064,-0.07644858,-0.015720878,-0.039218523,-3.7703424,
243,-0.05252918,-0.020881578,-0.064515695,-0.033904336,-0.06357684,-0.066680945,-0.05153899,-0.08114575,-0.02041804,-0.03729695,-3.788003,
244,-0.026156908,-0.06270591,-0.023266103,-0.06739484,-0.048813965,-0.075078644,-0.059936687,-0.06142902,-0.031116167,-0.043662235,-3.8084342,
245,-0.056613445,-0.020489939,-0.069693506,-0.032556485,-0.07372902,-0.07279824,-0.057656277,-0.06499109,-0.034678236,-0.056411974,-3.8316388,
246,-0.0265104,-0.06789391,-0.021727514,-0.07606183,-0.0503373,-0.07329561,-0.058153644,-0.08054745,-0.030647343,-0.064291805,-3.8576307,
247,-0.06099526,-0.01925398,-0.07756451,-0.03158501,-0.0773835,-0.07657076,-0.061428793,-0.08740161,-0.037501503,-0.06503866,-3.886413,
248,-0.026210312,-0.0748392,-0.01962689,-0.08257225,-0.051486798,-0.08262368,-0.06748172,-0.08597651,-0.051226143,-0.07364312,-3.9179668,
249,-0.066735104,-0.017150808,-0.085270196,-0.03033125,-0.086058125,-0.09145438,-0.076312415,-0.09405075,-0.059300378,-0.089289874,-3.952293,
250,-0.02541431,-0.08254233,-0.030234478,-0.09181145,-0.0580964,-0.10306286,-0.08792089,-0.11304009,-0.06662087,-0.10141034,-3.9894047,
251,-0.073021725,-0.027254838,-0.09350503,-0.038868543,-0.101805195,-0.11744912,-0.10230715,-0.12698005,-0.08056083,-0.11231329,-4.0292993,
252,-0.03488239,-0.089487806,-0.061883852,-0.11751355,-0.07553211,-0.13461316,-0.11947119,-0.13856614,-0.09793908,-0.12852125,-4.0719686,
253,-0.08038664,-0.04381572,-0.10771719,-0.14101386,-0.1324445,-0.13443962,-0.15723427,-0.16076751,-0.11270031,-0.14847977,-4.1174145,
254,-0.04990976,-0.0996349,-0.09203102,-0.15081233,-0.1457765,-0.104128785,-0.16925393,-0.1902523,-0.13725221,-0.16689314,-4.1656437,
255,-0.09134754,-0.06778473,-0.1289558,-0.1517701,-0.14800851,-0.14610474,-0.16389495,-0.18489332,-0.15259461,-0.19319205,-4.216644,
256,-0.071709484,-0.114858076,-0.11159956,-0.14231287,-0.14641872,-0.15132806,-0.18324183,-0.2042402,-0.17103745,-0.21315044,-4.2704334,
257,-0.10766427,-0.08907836,-0.12880711,-0.12704019,-0.14686376,-0.15127699,-0.20149636,-0.22249474,-0.19090563,-0.23462428,-4.3270025,
258,-0.09217406,-0.12147531,-0.10575617,-0.13903303,-0.13830358,-0.1479291,-0.21409011,-0.23508847,-0.21008316,-0.25754243,-4.386351,
259,-0.116590664,-0.096466154,-0.13297784,-0.12014011,-0.14405614,-0.14251997,-0.22151749,-0.24251583,-0.22541891,-0.26891696,-4.437274,
260,-0.099818714,-0.12792978,-0.10556289,-0.14055891,-0.12991379,-0.16262631,-0.22175227,-0.24275061,-0.23816465,-0.28305086,-4.487655,
261,-0.123243496,-0.09988667,-0.13742833,-0.115203895,-0.14362118,-0.16169643,-0.2333706,-0.25436896,-0.24909954,-0.29595405,-4.537963,
262,-0.10378092,-0.13371795,-0.10422521,-0.14333856,-0.14405517,-0.16213043,-0.2437047,-0.26470307,-0.26062754,-0.30580264,-4.5868564,
263,-0.12872903,-0.10070302,-0.14233911,-0.12200423,-0.15769099,-0.17576624,-0.2525014,-0.27349976,-0.27293637,-0.31489655,-4.6335964,
264,-0.10537291,-0.13940439,-0.1079102,-0.15312707,-0.15722439,-0.17529964,-0.26219678,-0.28319514,-0.28217956,-0.3236069,-4.6772723,
265,-0.13373137,-0.10299946,-0.15052545,-0.13028467,-0.16535424,-0.1834295,-0.23692985,-0.2579282,-0.29598713,-0.32866794,-4.716671,
266,-0.108122036,-0.14647429,-0.11287694,-0.16101587,-0.16438834,-0.18246359,-0.20951495,-0.23051327,-0.30565107,-0.32957244,-4.744279,
267,-0.14008157,-0.106503904,-0.15828708,-0.13614659,-0.16210166,-0.1801769,-0.20631269,-0.24267307,-0.30443236,-0.30416277,-4.738805,
268,-0.1120995,-0.15392567,-0.117220595,-0.16286728,-0.15481243,-0.17288767,-0.2020912,-0.23845159,-0.29216337,-0.27671224,-4.71113,
269,-0.14695565,-0.11029571,-0.16297153,-0.13303126,-0.15924808,-0.17732333,-0.19440787,-0.23076825,-0.27065045,-0.25652453,-4.6780663,
270,-0.11640502,-0.15992746,-0.117073104,-0.16423039,-0.15268186,-0.1707571,-0.1861671,-0.22273025,-0.2429501,-0.23070468,-4.640476,
271,-0.15267262,-0.111941114,-0.16707869,-0.13161473,-0.14812815,-0.1662034,-0.18159209,-0.21811259,-0.2314702,-0.19979577,-4.5991464,
272,-0.11872945,-0.16519937,-0.11674249,-0.16048944,-0.14613165,-0.16420689,-0.17979485,-0.2163168,-0.21587606,-0.1824509,-4.5551004,
273,-0.15745372,-0.11246246,-0.16796878,-0.12820947,-0.13636634,-0.15444157,-0.17028083,-0.2048109,-0.20974222,-0.16474438,-4.5092826,
274,-0.11996033,-0.16829437,-0.11504368,-0.15483096,-0.12846434,-0.14653958,-0.16267245,-0.19531319,-0.19698338,-0.15657647,-4.4634156,
275,-0.16023844,-0.111857206,-0.16673282,-0.11808017,-0.12398498,-0.14206022,-0.15819998,-0.18834248,-0.19034354,-0.14352368,-4.416367,
276,-0.11991964,-0.16922262,-0.10921481,-0.1483892,-0.12753165,-0.14560689,-0.14982593,-0.18188587,-0.18070218,-0.13556539,-4.3691244,
277,-0.16100392,-0.1084952,-0.1643143,-0.11503604,-0.12842321,-0.14649846,-0.15073088,-0.18571901,-0.17653851,-0.12612635,-4.321891,
278,-0.11724681,-0.16867839,-0.10592401,-0.1498515,-0.1329526,-0.15102784,-0.15525231,-0.19390862,-0.17666388,-0.12173969,-4.275395,
279,-0.1601062,-0.108182564,-0.16519167,-0.109568246,-0.13625559,-0.1558517,-0.16149612,-0.20326516,-0.181538,-0.121034175,-4.2288413,
280,-0.11683737,-0.16870145,-0.1037803,-0.13626665,-0.13926074,-0.14945754,-0.16452791,-0.20674965,-0.18857777,-0.12670614,-4.184093,
281,-0.16005787,-0.108541325,-0.1578956,-0.1296655,-0.1427303,-0.15292712,-0.18047889,-0.21342388,-0.19566746,-0.13450529,-4.1403327,
282,-0.11712728,-0.16457923,-0.11479716,-0.116771266,-0.15144671,-0.16164353,-0.18965012,-0.20676915,-0.20569748,-0.14337115,-4.098229,
283,-0.15667042,-0.11055804,-0.14355233,-0.10140476,-0.16209443,-0.17229125,-0.195802,-0.17716317,-0.2085996,-0.15527199,-4.0581913,
284,-0.11824371,-0.15450588,-0.10180938,-0.13064347,-0.13331851,-0.19328223,-0.19461551,-0.18820676,-0.22067745,-0.16121244,-4.0196905,
285,-0.1484612,-0.10508521,-0.09833505,-0.12716913,-0.15744637,-0.16260567,-0.20930828,-0.18858318,-0.21332133,-0.17414472,-3.9830673,
286,-0.11231313,-0.12543026,-0.08480927,-0.11364335,-0.12359466,-0.19474545,-0.1932741,-0.19498175,-0.22335285,-0.17296687,-3.9492433,
287,-0.1232435,-0.09557898,-0.07406127,-0.10289535,-0.1364618,-0.16525812,-0.21930486,-0.18988773,-0.22793339,-0.1838959,-3.9181852,
288,-0.10019002,-0.09899186,-0.089749575,-0.10993573,-0.1132997,-0.18877116,-0.20286682,-0.20762472,-0.23345028,-0.19231969,-3.8899117,
289,-0.09919057,-0.09452613,-0.09986243,-0.118607156,-0.13575752,-0.16946533,-0.22781782,-0.20239489,-0.24345283,-0.20110072,-3.864419,
290,-0.09530467,-0.100080326,-0.10115672,-0.120642975,-0.13963349,-0.19661623,-0.21739575,-0.22514135,-0.24594952,-0.21367803,-3.8417027,
291,-0.09928467,-0.09802293,-0.10559955,-0.12508582,-0.1400727,-0.19429523,-0.2459619,-0.21539842,-0.26522154,-0.22064124,-3.8217747,
292,-0.098234355,-0.10293372,-0.11282017,-0.13230643,-0.13941583,-0.19991419,-0.25158086,-0.24444996,-0.2620471,-0.23648392,-3.8004649,
293,-0.102150775,-0.10781777,-0.11770422,-0.138874,-0.14793785,-0.2130754,-0.26474208,-0.24539644,-0.28669754,-0.23927306,-3.7819529,
294,-0.10687083,-0.09827728,-0.10816373,-0.132682,-0.16146651,-0.22433841,-0.2760051,-0.2690514,-0.29217288,-0.26303592,-3.7661955,
295,-0.09970937,-0.093131565,-0.10301801,-0.13003659,-0.16113357,-0.24108674,-0.2927534,-0.2723406,-0.30967778,-0.27435488,-3.753235,
296,-0.094226375,-0.08242882,-0.092315264,-0.1206544,-0.1711488,-0.25214002,-0.3038067,-0.29345912,-0.31391457,-0.29360256,-3.743046,
297,-0.08439463,-0.08508638,-0.10012779,-0.13394041,-0.17443052,-0.26847482,-0.3201415,-0.302408,-0.33293277,-0.30313414,-3.7356505,
298,-0.08497192,-0.084996454,-0.100037865,-0.1377251,-0.18934558,-0.28191704,-0.3335837,-0.32381684,-0.3371791,-0.32333758,-3.7310228,
299,-0.08499227,-0.08923358,-0.104274996,-0.14316857,-0.19581449,-0.30012164,-0.3517883,-0.3277944,-0.36164024,-0.33303759,-3.7291896,
300,-0.08852468,-0.10001587,-0.115092196,-0.15391153,-0.20877883,-0.2585827,-0.3102494,-0.35381246,-0.3634126,-0.35780093,-3.7301188,
301,-0.09809957,-0.11513642,-0.13068396,-0.16919588,-0.191281,-0.24965255,-0.3013192,-0.33167028,-0.35044038,-0.36620888,-3.7338498,
302,-0.11229787,-0.12411104,-0.14055964,-0.17784193,-0.19838437,-0.23625529,-0.28792194,-0.32472354,-0.3278506,-0.35959995,-3.7403812,
303,-0.11570707,-0.12815669,-0.14995813,-0.18159539,-0.19869179,-0.23147295,-0.28313962,-0.303953,-0.3030267,-0.34246978,-3.7497072,
304,-0.11180101,-0.13006502,-0.15340139,-0.18503864,-0.19487679,-0.22472827,-0.27639493,-0.29257923,-0.28236207,-0.32171172,-3.7618191,
305,-0.11278364,-0.13104765,-0.1542697,-0.18590695,-0.19371486,-0.22272015,-0.2743868,-0.2813976,-0.2668118,-0.30381018,-3.7767088,
306,-0.11369183,-0.13195585,-0.15256883,-0.17957698,-0.18861325,-0.21823272,-0.26989937,-0.2756607,-0.25250491,-0.2906447,-3.7943738,
307,-0.119217105,-0.12959659,-0.15051645,-0.16854903,-0.1754073,-0.20473172,-0.25639835,-0.26599273,-0.24153163,-0.27930707,-3.8148177,
308,-0.12084156,-0.13122104,-0.14885724,-0.16688983,-0.16628605,-0.1900109,-0.24167754,-0.2562502,-0.2309703,-0.27104694,-3.838039,
309,-0.12249558,-0.13287506,-0.14961645,-0.16661881,-0.15595508,-0.17864808,-0.23031472,-0.24607247,-0.22084142,-0.26365203,-3.8640404,
310,-0.12821762,-0.13011639,-0.14710493,-0.16436939,-0.14984617,-0.1719914,-0.22365804,-0.23564097,-0.21089734,-0.2567591,-3.8928225,
311,-0.13005446,-0.12982614,-0.14742547,-0.16532452,-0.14845248,-0.17058045,-0.2222471,-0.23035444,-0.20385297,-0.25010407,-3.9243855,
312,-0.13210008,-0.13221057,-0.1498099,-0.16777337,-0.14957128,-0.17169924,-0.22015184,-0.2290166,-0.19861835,-0.24590169,-3.958727,
313,-0.13716081,-0.13560374,-0.15320307,-0.17113896,-0.15145533,-0.17358328,-0.21798587,-0.22787853,-0.19754854,-0.2436186,-3.995847,
314,-0.1435737,-0.13469242,-0.15229174,-0.17008725,-0.14801994,-0.1701479,-0.21322988,-0.2289823,-0.19637902,-0.24512416,-4.0357437,
315,-0.14664018,-0.13280244,-0.15040176,-0.16814776,-0.14259315,-0.16472109,-0.20600282,-0.225727,-0.20000419,-0.24353772,-4.0747976,
316,-0.14333966,-0.15017995,-0.14802271,-0.16909617,-0.14880224,-0.16332681,-0.20460853,-0.22686742,-0.20001505,-0.24908626,-4.116624,
317,-0.15998425,-0.14518015,-0.14584349,-0.16691694,-0.14911848,-0.16224039,-0.2035221,-0.22875367,-0.20233028,-0.25280517,-4.161234,
318,-0.16139358,-0.1537734,-0.14315194,-0.16422538,-0.14693424,-0.15994704,-0.20122875,-0.2320055,-0.20689817,-0.25813097,-4.208623,
319,-0.17155966,-0.15210511,-0.14143755,-0.16251099,-0.14661594,-0.15962802,-0.20090973,-0.23568824,-0.21314354,-0.26560465,-4.2587905,
320,-0.15904765,-0.15309201,-0.1414061,-0.16247955,-0.1472227,-0.16024397,-0.20152567,-0.24135122,-0.22147779,-0.27483252,-4.3117375,
321,-0.15074325,-0.1499125,-0.14408721,-0.16516066,-0.1499065,-0.16311051,-0.20455547,-0.24847376,-0.23220484,-0.28121892,-4.3625855,
322,-0.14876959,-0.14793885,-0.1477186,-0.16879204,-0.1534951,-0.16680956,-0.20832862,-0.25810233,-0.24248688,-0.29115438,-4.4133663,
323,-0.14923011,-0.14943893,-0.15336238,-0.17443582,-0.15915082,-0.17169677,-0.21243963,-0.26762077,-0.25366566,-0.3015105,-4.4642777,
324,-0.15443699,-0.15155908,-0.16110198,-0.18217543,-0.16689065,-0.17786004,-0.21702613,-0.27783936,-0.26641724,-0.3114816,-4.51412,
325,-0.15228641,-0.15821357,-0.15927668,-0.18035011,-0.16618079,-0.17938109,-0.22169465,-0.28911364,-0.27957273,-0.3236874,-4.5638804,
326,-0.15665993,-0.15607546,-0.16027099,-0.18134442,-0.16771986,-0.18200967,-0.22586608,-0.2942003,-0.29354277,-0.33437937,-4.6113358,
327,-0.15796617,-0.1573817,-0.16303931,-0.1844736,-0.17121768,-0.18599541,-0.23015675,-0.30385068,-0.30463317,-0.34518796,-4.656174,
328,-0.15415157,-0.1535671,-0.16592066,-0.18806921,-0.17547522,-0.19149217,-0.23568527,-0.31182337,-0.3155844,-0.35289782,-4.6974144,
329,-0.14115556,-0.15931202,-0.17128094,-0.19188836,-0.17949426,-0.19648723,-0.24087514,-0.32002866,-0.32509658,-0.3536175,-4.7288136,
330,-0.14463323,-0.1627897,-0.17247349,-0.19641484,-0.1842777,-0.20107637,-0.24546947,-0.32664892,-0.3300927,-0.34745666,-4.746405,
331,-0.14779836,-0.16595483,-0.17086424,-0.1964503,-0.18595581,-0.20439455,-0.25043046,-0.32968652,-0.3301458,-0.31701386,-4.73043,
332,-0.16023561,-0.15725082,-0.17411529,-0.19917618,-0.18867147,-0.2076122,-0.25458077,-0.33010155,-0.31935534,-0.29922494,-4.7016945,
333,-0.16189519,-0.15891041,-0.18131903,-0.20427398,-0.1938225,-0.21281278,-0.25982636,-0.32361433,-0.3086176,-0.28213668,-4.6676283,
334,-0.15790541,-0.16902281,-0.19039416,-0.20916246,-0.20218693,-0.22106797,-0.26808155,-0.31767416,-0.3029718,-0.266252,-4.6292315,
335,-0.16718115,-0.17829855,-0.18427688,-0.20386942,-0.21368983,-0.2335289,-0.27848753,-0.31511372,-0.29426327,-0.25575414,-4.587574,
336,-0.18182738,-0.17509344,-0.18685617,-0.2064487,-0.22476597,-0.24473658,-0.28969523,-0.3035224,-0.2924624,-0.24444279,-4.5436583,
337,-0.18356544,-0.18561368,-0.19293262,-0.2146945,-0.23066178,-0.25085652,-0.29581517,-0.27626425,-0.2851943,-0.2409262,-4.499715,
338,-0.19603448,-0.18855448,-0.20016545,-0.2220213,-0.23517287,-0.2552627,-0.30022135,-0.26303977,-0.26832563,-0.23268017,-4.454025,
339,-0.2032471,-0.19923277,-0.20633242,-0.22854766,-0.24149539,-0.2615599,-0.30651855,-0.25427234,-0.25922266,-0.21640824,-4.4075565,
340,-0.21612032,-0.20554377,-0.21394506,-0.23627037,-0.24819006,-0.26829436,-0.31325302,-0.24925098,-0.25045645,-0.20604248,-4.3611207,
341,-0.21308286,-0.20951587,-0.2222911,-0.2441298,-0.25534725,-0.27549538,-0.32045403,-0.24546552,-0.24528292,-0.19694674,-4.3146973,
342,-0.20133324,-0.21861142,-0.22860688,-0.25245047,-0.26424146,-0.28438124,-0.3293399,-0.24416786,-0.24274662,-0.19211169,-4.269343,
343,-0.2025964,-0.21987458,-0.23633765,-0.26134115,-0.2716703,-0.29196113,-0.33691978,-0.24603376,-0.24181159,-0.1891043,-4.2239485,
344,-0.20720975,-0.22448793,-0.24182844,-0.26736912,-0.27952763,-0.2998188,-0.34477746,-0.24941951,-0.24410883,-0.18986802,-4.1807246,
345,-0.22021669,-0.22394316,-0.24593371,-0.2714744,-0.28719726,-0.3074846,-0.35244325,-0.25514236,-0.2485159,-0.19178098,-4.1373835,
346,-0.22724436,-0.23097083,-0.24821189,-0.27375257,-0.29416037,-0.31445,-0.35940865,-0.26132748,-0.25504547,-0.1985443,-4.09687,
347,-0.23431285,-0.23803931,-0.25227645,-0.27777076,-0.30023053,-0.32055587,-0.36551452,-0.26661497,-0.26428932,-0.20523229,-4.056474,
348,-0.24507552,-0.24245256,-0.25769904,-0.2830964,-0.3041785,-0.32510924,-0.3700679,-0.27462694,-0.27269918,-0.21682651,-4.0188537,
349,-0.25203288,-0.25235423,-0.26374152,-0.28911966,-0.30778137,-0.32871935,-0.373678,-0.28231955,-0.28543365,-0.22684477,-3.9823098,
350,-0.2545443,-0.25658157,-0.27117616,-0.29680282,-0.31245667,-0.33334345,-0.3783021,-0.29053298,-0.29664072,-0.24190132,-3.9485407,
351,-0.2589975,-0.2610348,-0.2779601,-0.30377805,-0.3188544,-0.33971706,-0.3846757,-0.30050918,-0.31110308,-0.25653028,-3.9175534,
352,-0.25793138,-0.26813027,-0.28499225,-0.30979323,-0.32574737,-0.34663284,-0.3915915,-0.31237102,-0.325943,-0.27379733,-3.8893442,
353,-0.26434878,-0.27454767,-0.28954652,-0.314695,-0.3322618,-0.35318398,-0.39814264,-0.32550463,-0.34325337,-0.2918229,-3.8639152,
354,-0.270018,-0.2802169,-0.2946223,-0.31991127,-0.3377132,-0.3586354,-0.40362677,-0.33849594,-0.35336456,-0.31203192,-3.8412647,
355,-0.27552846,-0.28572735,-0.300396,-0.32583317,-0.34308428,-0.36400646,-0.4089913,-0.34814867,-0.37197214,-0.32661414,-3.8214028,
356,-0.28114715,-0.29134604,-0.30567226,-0.33131754,-0.34906384,-0.36998603,-0.41492954,-0.3600384,-0.38329998,-0.34732428,-3.8043144,
357,-0.28950176,-0.29407427,-0.31112802,-0.3370085,-0.35522535,-0.37614754,-0.42111176,-0.37330958,-0.40028104,-0.35869017,-3.7857018,
358,-0.294467,-0.2990395,-0.31703535,-0.34225324,-0.36149135,-0.38241354,-0.42738417,-0.38762078,-0.41103223,-0.3775098,-3.769861,
359,-0.2995287,-0.3041012,-0.32311755,-0.3474025,-0.36765727,-0.38857946,-0.43355808,-0.39962256,-0.4261075,-0.39239168,-3.7568066,
360,-0.3049358,-0.30950832,-0.32807857,-0.35169443,-0.37343904,-0.39436123,-0.43939513,-0.41000408,-0.43701783,-0.41021135,-3.7465298,
361,-0.31063932,-0.31521183,-0.33137605,-0.3548431,-0.37835467,-0.39927685,-0.4443337,-0.42015845,-0.4512922,-0.42505842,-3.739038,
362,-0.31555733,-0.32012984,-0.33505955,-0.35819188,-0.3823114,-0.4032336,-0.44829306,-0.42955866,-0.45614627,-0.4422058,-3.7343247,
363,-0.32013786,-0.32471037,-0.33940458,-0.36220914,-0.38593185,-0.40685403,-0.4518807,-0.436113,-0.46503016,-0.45190012,-3.732402,
364,-0.32463506,-0.32920757,-0.34367466,-0.36612344,-0.3898263,-0.41074848,-0.4557409,-0.4450646,-0.4592731,-0.46369916,-3.733258,
365,-0.32921606,-0.33378857,-0.34888688,-0.37122107,-0.39386845,-0.41479063,-0.4597872,-0.448315,-0.43150327,-0.46366385,-3.7369103,
366,-0.33383566,-0.33840817,-0.35355955,-0.37575832,-0.39873677,-0.41965896,-0.46466708,-0.43507493,-0.43072668,-0.44332102,-3.7433696,
367,-0.3384674,-0.3430399,-0.35848123,-0.3803339,-0.40393963,-0.42486182,-0.4698928,-0.45422965,-0.40716305,-0.4420419,-3.752586,
368,-0.3435916,-0.3481641,-0.3639832,-0.3868065,-0.4093005,-0.4302227,-0.4752635,-0.44967356,-0.41571593,-0.4249941,-3.7646036,
369,-0.34750015,-0.35402107,-0.36877212,-0.3916415,-0.4158443,-0.43676648,-0.4817492,-0.44112012,-0.3996957,-0.43203145,-3.779372,
370,-0.35211816,-0.3586391,-0.37272742,-0.39497232,-0.42084262,-0.44185466,-0.48683742,-0.43812928,-0.39837688,-0.42265496,-3.7969425,
371,-0.35659185,-0.36311278,-0.37642816,-0.39813086,-0.4253232,-0.44639996,-0.49138272,-0.4469501,-0.3901431,-0.42276415,-3.8172822,
372,-0.36126554,-0.36778647,-0.3804824,-0.40141574,-0.4290443,-0.45012107,-0.4950271,-0.4467127,-0.3959313,-0.418707,-3.8404086,
373,-0.36597458,-0.3724955,-0.38459957,-0.40598536,-0.43362403,-0.4546665,-0.49957252,-0.454752,-0.3919757,-0.4256214,-3.8663023,
374,-0.37076834,-0.37728927,-0.3888699,-0.4117282,-0.438925,-0.45996746,-0.504919,-0.45697653,-0.40065563,-0.42426306,-3.892982,
375,-0.37572876,-0.38224968,-0.39344296,-0.41766673,-0.4449021,-0.46597105,-0.51092255,-0.46742514,-0.40010977,-0.4340188,-3.9224088,
376,-0.3809909,-0.38751182,-0.39856505,-0.42482108,-0.45237976,-0.47344872,-0.5184184,-0.47441936,-0.41219154,-0.43713474,-3.9537816,
377,-0.38633808,-0.392859,-0.4038402,-0.43233296,-0.45969278,-0.48076174,-0.5258825,-0.4840449,-0.41654736,-0.45049074,-3.9879227,
378,-0.39122453,-0.39774546,-0.40827516,-0.43827474,-0.4671192,-0.48818815,-0.53332406,-0.49390715,-0.4308254,-0.45913178,-4.024851,
379,-0.39584562,-0.40236655,-0.41223082,-0.44351676,-0.47374985,-0.4948188,-0.5400762,-0.5043146,-0.43938327,-0.47524434,-4.064551,
380,-0.4001747,-0.40669563,-0.415658,-0.44805807,-0.47942713,-0.5004961,-0.5457785,-0.51418304,-0.45594096,-0.48784587,-4.1070366,
381,-0.40415046,-0.41067138,-0.4184443,-0.45179197,-0.48411053,-0.5051795,-0.550461,-0.52632266,-0.4666261,-0.5065169,-4.152296,
382,-0.40792248,-0.4144434,-0.420862,-0.45536673,-0.4887359,-0.5097443,-0.55502576,-0.53790087,-0.4853238,-0.52132124,-4.2003417,
383,-0.413344,-0.41986492,-0.4262788,-0.46081138,-0.49412394,-0.5150615,-0.56034297,-0.55092365,-0.49887538,-0.54214436,-4.251161,
384,-0.41913903,-0.42565995,-0.43236837,-0.46719918,-0.5007696,-0.5216837,-0.56696516,-0.5643948,-0.5183367,-0.5596926,-4.3047657,
385,-0.42517075,-0.43169168,-0.43888608,-0.474198,-0.5082864,-0.5292232,-0.5745046,-0.5795628,-0.5358828,-0.58160865,-4.3611465,
386,-0.43133077,-0.4378517,-0.4456381,-0.48153332,-0.5162582,-0.5372294,-0.58251077,-0.59528494,-0.5543588,-0.6026678,-4.4203095,
387,-0.43753156,-0.4440525,-0.45246184,-0.48897043,-0.52435535,-0.54535866,-0.59064,-0.6110521,-0.5755186,-0.6143024,-4.472202,
388,-0.44382182,-0.45034274,-0.45944908,-0.49665055,-0.5327395,-0.55375206,-0.5990334,-0.6277864,-0.5911761,-0.63380945,-4.524027,
389,-0.45047215,-0.45699307,-0.46709266,-0.5052977,-0.54264504,-0.5651403,-0.60633916,-0.6431459,-0.6123468,-0.64892393,-4.574669,
390,-0.45706198,-0.4635829,-0.47462213,-0.5137541,-0.55343366,-0.57733905,-0.5999395,-0.65893936,-0.62970936,-0.667175,-4.623402,
391,-0.46384177,-0.4703627,-0.48250014,-0.52299273,-0.5658977,-0.59217155,-0.614772,-0.6691367,-0.6494737,-0.68187267,-4.669319,
392,-0.47030196,-0.47682288,-0.48979312,-0.53109974,-0.5767148,-0.6049008,-0.62750125,-0.68418366,-0.6638932,-0.69696337,-4.711145,
393,-0.47718906,-0.48371,-0.49787295,-0.5404169,-0.5896476,-0.62018096,-0.64278144,-0.6964051,-0.68181694,-0.70055425,-4.741628,
394,-0.48422295,-0.49074388,-0.5062086,-0.5500419,-0.60314935,-0.63627744,-0.6588779,-0.7087916,-0.6913987,-0.6914094,-4.7478123,
395,-0.49105638,-0.4975773,-0.5156637,-0.56018573,-0.61735433,-0.6530732,-0.67567366,-0.7215821,-0.69492435,-0.6657886,-4.721449,
396,-0.4971913,-0.50371224,-0.5273666,-0.5722182,-0.63058865,-0.6671299,-0.68973035,-0.73146635,-0.6901995,-0.658793,-4.6894803,
397,-0.5046708,-0.5111917,-0.54030704,-0.5851624,-0.6429344,-0.67784584,-0.7054039,-0.7347132,-0.69509494,-0.6488056,-4.6524177,
398,-0.51532954,-0.5218504,-0.55185395,-0.59663135,-0.65586436,-0.6907758,-0.7122165,-0.73875797,-0.6935991,-0.6473706,-4.6113243,
399,-0.5271922,-0.53371304,-0.5637363,-0.6082036,-0.6687908,-0.70370233,-0.723661,-0.73572165,-0.6979848,-0.64296985,-4.5672975,
400,-0.5393896,-0.54591054,-0.5759567,-0.62047696,-0.6830024,-0.7179139,-0.72726524,-0.7217266,-0.6900869,-0.64380145,-4.5213146,
401,-0.5517604,-0.5582813,-0.5883207,-0.63380754,-0.6977595,-0.732671,-0.72854304,-0.6946382,-0.6864247,-0.6360996,-4.4738245,
402,-0.56000686,-0.5665278,-0.5964958,-0.64331305,-0.68632346,-0.721235,-0.72433376,-0.67087585,-0.6703007,-0.63160473,-4.4268727,
403,-0.5572869,-0.56380785,-0.59336835,-0.6358232,-0.6698834,-0.7047949,-0.70804375,-0.66563326,-0.6591693,-0.61692697,-4.3794484,
404,-0.5517067,-0.5582276,-0.5846395,-0.61547697,-0.64834166,-0.6826698,-0.70057654,-0.64680773,-0.6521162,-0.6051105,-4.332066,
405,-0.5493685,-0.5558894,-0.5797993,-0.6062531,-0.63497156,-0.66897523,-0.679363,-0.6376246,-0.63866156,-0.597567,-4.2850924,
406,-0.5491568,-0.5556777,-0.57641864,-0.5985306,-0.6229077,-0.65401256,-0.6717778,-0.61704,-0.6336436,-0.58645964,-4.239565,
407,-0.5511502,-0.5576711,-0.57480377,-0.5933329,-0.61412245,-0.64321524,-0.65328044,-0.61074334,-0.6193846,-0.5803291,-4.193973,
408,-0.5554212,-0.5619421,-0.57513684,-0.5911871,-0.60954726,-0.6382792,-0.6485993,-0.5931636,-0.6168286,-0.5698595,-4.1509566,
409,-0.5598051,-0.566326,-0.5751905,-0.5896447,-0.6062512,-0.6356091,-0.6394014,-0.5902974,-0.604328,-0.5658364,-4.1077924,
410,-0.5595261,-0.566047,-0.5749236,-0.58859336,-0.6044818,-0.6336553,-0.64502335,-0.5785259,-0.604653,-0.55753523,-4.0674148,
411,-0.5620692,-0.5685901,-0.5775187,-0.59050703,-0.6057516,-0.6348171,-0.6471982,-0.583048,-0.5962576,-0.5569123,-4.0275283,
412,-0.56705725,-0.5735782,-0.5821229,-0.5953133,-0.61055297,-0.6393922,-0.6457595,-0.58010525,-0.60212046,-0.55259794,-3.990428,
413,-0.57220006,-0.578721,-0.58703494,-0.60139316,-0.6178697,-0.64689815,-0.64209247,-0.5827974,-0.600228,-0.559532,-3.9560945,
414,-0.5783538,-0.58487475,-0.59378445,-0.6096652,-0.6277554,-0.6567623,-0.648174,-0.5814992,-0.6085553,-0.56189835,-3.9245481,
415,-0.5858634,-0.59238434,-0.60298777,-0.62069637,-0.6406307,-0.66959214,-0.65832263,-0.5909322,-0.6110069,-0.5720055,-3.8957734,
416,-0.5947989,-0.60131985,-0.61477673,-0.63451403,-0.65646285,-0.68543446,-0.6723412,-0.5985594,-0.62436146,-0.5785178,-3.8697844,
417,-0.60532546,-0.6118464,-0.6294553,-0.6511866,-0.67512685,-0.70410794,-0.68452924,-0.61485463,-0.6335166,-0.5935049,-3.846566,
418,-0.6176986,-0.62421954,-0.64747196,-0.671023,-0.6966447,-0.7256194,-0.7025588,-0.62688875,-0.65265274,-0.60178506,-3.8215032,
419,-0.6282167,-0.6347376,-0.6621343,-0.6898121,-0.71953106,-0.74787617,-0.72076774,-0.6475482,-0.6646001,-0.6218775,-3.7992067,
420,-0.6363303,-0.64285123,-0.6742322,-0.70609266,-0.7388788,-0.7689738,-0.7425095,-0.664788,-0.68867713,-0.6379661,-3.7796967,
421,-0.6511231,-0.65764403,-0.68932146,-0.7223355,-0.7564383,-0.78809696,-0.76417416,-0.6910995,-0.70730263,-0.6634871,-3.762956,
422,-0.66594183,-0.67246276,-0.7040465,-0.73763996,-0.77224743,-0.8042821,-0.7845606,-0.7133412,-0.7367981,-0.6860406,-3.749,
423,-0.6799175,-0.68643844,-0.7180173,-0.7516453,-0.78628266,-0.8183387,-0.8035662,-0.74135774,-0.7464503,-0.7171527,-3.737815,
424,-0.6824366,-0.70448405,-0.7336889,-0.7813781,-0.8039393,-0.8350558,-0.82347494,-0.7569634,-0.77813035,-0.7331819,-3.72943,
425,-0.69289756,-0.714945,-0.7376948,-0.7953109,-0.8120237,-0.8440993,-0.83717155,-0.7866545,-0.7902019,-0.76501864,-3.7238064,
426,-0.7046912,-0.72673863,-0.74412423,-0.8003161,-0.81635827,-0.84778374,-0.85429597,-0.80047023,-0.8202109,-0.7831796,-3.7209814,
427,-0.7210999,-0.7431474,-0.7589477,-0.79964006,-0.8160808,-0.84738547,-0.85852504,-0.8278838,-0.82602865,-0.81397825,-3.7209218,
428,-0.7392316,-0.749034,-0.7646398,-0.80525726,-0.8211409,-0.85244554,-0.87829334,-0.83322966,-0.85158163,-0.826763,-3.7236662,
429,-0.7470366,-0.75324273,-0.76855206,-0.8075789,-0.82346255,-0.8472291,-0.89419085,-0.8562923,-0.8250231,-0.8529525,-3.7291749,
430,-0.75176114,-0.7579673,-0.77291113,-0.7902526,-0.80613625,-0.8429391,-0.90604925,-0.85062253,-0.83211344,-0.83801985,-3.7375169,
431,-0.7563252,-0.75696003,-0.77140766,-0.78598565,-0.8137505,-0.8450198,-0.9122238,-0.8645346,-0.814096,-0.84419304,-3.7486136,
432,-0.75624776,-0.7568826,-0.77083564,-0.7779724,-0.81110615,-0.84237546,-0.91374665,-0.85921866,-0.81881714,-0.83301264,-3.7625136,
433,-0.7601219,-0.76075673,-0.77745116,-0.7749368,-0.8122261,-0.8434954,-0.9111695,-0.86604255,-0.80890137,-0.83784294,-3.7791746,
434,-0.7648564,-0.76549125,-0.78561383,-0.78082484,-0.81811416,-0.84404635,-0.9054416,-0.86113626,-0.8135524,-0.83317816,-3.7986288,
435,-0.77053493,-0.7711698,-0.79549176,-0.793872,-0.8311613,-0.854069,-0.8970721,-0.863859,-0.80565584,-0.83904296,-3.820851,
436,-0.7720815,-0.77271634,-0.7978159,-0.8042402,-0.8415295,-0.858504,-0.8862977,-0.8573101,-0.8101142,-0.83623564,-3.8458655,
437,-0.77233136,-0.7729662,-0.79785246,-0.8007609,-0.8380502,-0.85424227,-0.87311035,-0.8573032,-0.80432945,-0.84225106,-3.87365,
438,-0.7727165,-0.7733514,-0.7981277,-0.7919199,-0.82920915,-0.8456288,-0.8573166,-0.8495537,-0.80790925,-0.84122497,-3.9042249,
439,-0.77324593,-0.7738808,-0.7986574,-0.7821574,-0.8194467,-0.8359827,-0.83872163,-0.8464057,-0.80288637,-0.8468119,-3.9375727,
440,-0.7737875,-0.77442235,-0.79920864,-0.7751727,-0.812462,-0.8190538,-0.8171976,-0.83642435,-0.8047298,-0.8463428,-3.9737093,
441,-0.77431864,-0.7749535,-0.79974145,-0.77096575,-0.808255,-0.8078694,-0.7927075,-0.8293783,-0.8000873,-0.85057676,-4.0126214,
442,-0.7748469,-0.77548176,-0.8002691,-0.7695366,-0.8068259,-0.7959576,-0.76915306,-0.8167639,-0.7989465,-0.8501973,-4.054321,
443,-0.77546597,-0.7761008,-0.8009601,-0.7702909,-0.80762815,-0.7861734,-0.766228,-0.8072269,-0.79428643,-0.85197085,-4.0987988,
444,-0.7762646,-0.77689946,-0.8019739,-0.77149403,-0.80897427,-0.7888491,-0.75857776,-0.8068429,-0.79034287,-0.8511629,-4.146061,
445,-0.77697355,-0.7776084,-0.80282634,-0.7724728,-0.8100484,-0.787836,-0.76053065,-0.8032324,-0.7928904,-0.85052174,-4.1961045,
446,-0.7694149,-0.77004975,-0.7981867,-0.7700498,-0.80902046,-0.787773,-0.760532,-0.80889666,-0.79075605,-0.8482919,-4.2419043,
447,-0.7575869,-0.75822175,-0.78653926,-0.7585815,-0.79771495,-0.7890308,-0.7644107,-0.8098714,-0.7956715,-0.8476606,-4.289216,
448,-0.7450421,-0.74567693,-0.77234554,-0.743075,-0.78133756,-0.7875497,-0.76800394,-0.8174236,-0.798097,-0.8532925,-4.338173,
449,-0.73536885,-0.7360037,-0.7610517,-0.7303566,-0.76754814,-0.7834008,-0.77375525,-0.8227093,-0.807928,-0.85618055,-4.387056,
450,-0.729681,-0.73031586,-0.75472015,-0.72345793,-0.76022124,-0.78217185,-0.77653396,-0.8335515,-0.8141616,-0.865368,-4.4364505,
451,-0.72772986,-0.7283647,-0.7529012,-0.72175545,-0.75860673,-0.7825625,-0.7843408,-0.840141,-0.8273689,-0.87144214,-4.4851985,
452,-0.72884,-0.72947484,-0.7543731,-0.7235459,-0.7606378,-0.78872806,-0.7901301,-0.8538515,-0.8357241,-0.88338876,-4.533873,
453,-0.7325719,-0.73320675,-0.7583405,-0.7277207,-0.7649692,-0.7951721,-0.80330455,-0.8629791,-0.8518251,-0.89050907,-4.580712,
454,-0.7388444,-0.73947924,-0.7646565,-0.73407495,-0.77135247,-0.80695415,-0.81327784,-0.87271994,-0.8618498,-0.9029889,-4.625428,
455,-0.74776787,-0.7484027,-0.7735208,-0.7428872,-0.7801254,-0.8145748,-0.8269026,-0.8836548,-0.87585616,-0.9104906,-4.6671367,
456,-0.7594626,-0.76009744,-0.7851511,-0.75446075,-0.7916561,-0.8289456,-0.83847934,-0.89772534,-0.8873268,-0.91949624,-4.7048526,
457,-0.7735668,-0.77420163,-0.79889005,-0.76827264,-0.8055276,-0.842965,-0.84993833,-0.9087073,-0.9016463,-0.92576724,-4.737515,
458,-0.7890614,-0.7896963,-0.8128981,-0.78252864,-0.8199863,-0.8582637,-0.8653282,-0.9203543,-0.9124243,-0.9177193,-4.749192,
459,-0.7957933,-0.79642814,-0.82483894,-0.79493517,-0.8327734,-0.8759236,-0.8813674,-0.9316172,-0.912574,-0.89260936,-4.727915,
460,-0.79721624,-0.7978511,-0.82697606,-0.7977064,-0.8360332,-0.89275455,-0.8984369,-0.939221,-0.907648,-0.8772315,-4.6955338,
461,-0.79268014,-0.793315,-0.82506686,-0.7982452,-0.8387316,-0.90496707,-0.9128996,-0.9423949,-0.906658,-0.86614573,-4.658923,
462,-0.7896066,-0.7902414,-0.8243674,-0.800209,-0.8438055,-0.9159291,-0.9226321,-0.9413757,-0.9051489,-0.86003774,-4.618966,
463,-0.78900355,-0.78963846,-0.82544214,-0.81606686,-0.8620581,-0.92571676,-0.9298542,-0.94025964,-0.9041419,-0.8575478,-4.5788145,
464,-0.7816218,-0.7822567,-0.8123161,-0.8353742,-0.8762373,-0.94155365,-0.93665385,-0.91192585,-0.90502876,-0.8537377,-4.5357523,
465,-0.78162974,-0.78226465,-0.8100331,-0.84517395,-0.8867813,-0.94908524,-0.97473437,-0.89685005,-0.8898726,-0.8520636,-4.4908485,
466,-0.7864265,-0.7870614,-0.814177,-0.84937495,-0.892845,-0.9751733,-1.0004064,-0.9056394,-0.88501745,-0.83809245,-4.4448357,
467,-0.79497623,-0.79561114,-0.8228878,-0.85837203,-0.90434915,-0.9914926,-1.0205007,-0.911459,-0.8854546,-0.83164424,-4.3989897,
468,-0.7981008,-0.79873574,-0.82803756,-0.8685747,-0.9187379,-1.0077449,-1.0364591,-0.91845506,-0.88783646,-0.8305219,-4.3527637,
469,-0.7987585,-0.7993934,-0.83074874,-0.87944037,-0.93304914,-1.0227345,-1.0490506,-0.9250153,-0.89361584,-0.8322513,-4.306526,
470,-0.80300593,-0.80364084,-0.83721954,-0.8915,-0.94562006,-1.0353777,-1.0585362,-0.93245393,-0.8990939,-0.8379958,-4.261043,
471,-0.8072534,-0.8078883,-0.84450006,-0.9018172,-0.9559043,-1.0446677,-1.0653499,-0.9398297,-0.9085842,-0.84520125,-4.217284,
472,-0.81641376,-0.81704867,-0.85413116,-0.91238976,-0.96626496,-1.0511026,-1.0695179,-0.94669074,-0.9184139,-0.85419536,-4.1734214,
473,-0.82795703,-0.82859194,-0.86563206,-0.923806,-0.9776708,-1.0582962,-1.0709461,-0.9530839,-0.92891324,-0.86661077,-4.132324,
474,-0.83971775,-0.84035265,-0.87731844,-0.93534386,-0.98928034,-1.0618855,-1.0695118,-0.9589413,-0.9409712,-0.8772608,-4.0910587,
475,-0.8500108,-0.8506457,-0.8875627,-0.9454905,-0.9983978,-1.0588224,-1.0651268,-0.9644842,-0.9515856,-0.8918671,-4.0525694,
476,-0.8610831,-0.861718,-0.89874095,-0.94725055,-1.0002234,-1.0490772,-1.0577588,-0.9680893,-0.9643733,-0.9038878,-4.014821,
477,-0.8677694,-0.8684043,-0.9052879,-0.94532883,-0.9983626,-1.0214037,-1.0474176,-0.97118545,-0.97442204,-0.9193213,-3.9798496,
478,-0.86939865,-0.87003356,-0.9068998,-0.9387412,-0.9918314,-1.0110211,-1.0304588,-0.97307116,-0.9863799,-0.93192345,-3.946538,
479,-0.8690013,-0.86963624,-0.9057707,-0.93700755,-0.9910777,-0.9970675,-1.0348922,-0.9699356,-0.9958834,-0.9455145,-3.9147494,
480,-0.8683081,-0.86894304,-0.904074,-0.9354262,-0.98945165,-0.9795483,-1.0277048,-0.980789,-1.0034201,-0.9584799,-3.885743,
481,-0.86782163,-0.86845654,-0.90275943,-0.9336759,-0.9876621,-0.9632104,-1.0206776,-0.980226,-1.0185909,-0.9697071,-3.85952,
482,-0.86742276,-0.8680577,-0.90160394,-0.9319317,-0.9858833,-0.96551377,-1.0140864,-0.9875866,-1.0188694,-0.98699355,-3.8360705,
483,-0.86706465,-0.8676996,-0.9005225,-0.9303446,-0.9842665,-0.9587981,-1.0204674,-0.98465437,-1.0336683,-0.9929004,-3.8154168,
484,-0.8667618,-0.8673968,-0.89954126,-0.9290415,-0.9829386,-0.9620949,-1.0156759,-0.9991936,-1.034204,-1.0089862,-3.7975316,
485,-0.86653763,-0.8671726,-0.8987029,-0.92812556,-0.98200256,-0.9571542,-1.0260508,-0.998015,-1.0510911,-1.0149115,-3.7824404,
486,-0.86643004,-0.867065,-0.8980763,-0.92767626,-0.9815379,-0.9625382,-1.0216222,-1.0160474,-1.0511967,-1.032738,-3.7701156,
487,-0.866468,-0.867103,-0.89771384,-0.9277497,-0.9816006,-0.95916146,-1.034083,-1.0144504,-1.0692376,-1.0385904,-3.7605872,
